/* Auto-generated for SIH-172 ESP32-S3 firmware -- do not edit by hand. */
#pragma once
#include <stdint.h>

alignas(16) const unsigned char g_model[] __attribute__((section(".ext_ram.bss"))) = {
    0x1c, 0x00, 0x00, 0x00, 0x54, 0x46, 0x4c, 0x33, 0x14, 0x00, 0x20, 0x00,
    0x1c, 0x00, 0x18, 0x00, 0x14, 0x00, 0x10, 0x00, 0x0c, 0x00, 0x00, 0x00,
    0x08, 0x00, 0x04, 0x00, 0x14, 0x00, 0x00, 0x00, 0x1c, 0x00, 0x00, 0x00,
    0x88, 0x00, 0x00, 0x00, 0xe0, 0x00, 0x00, 0x00, 0xd4, 0x10, 0x00, 0x00,
    0xe4, 0x10, 0x00, 0x00, 0xa0, 0x71, 0x00, 0x00, 0x03, 0x00, 0x00, 0x00,
    0x01, 0x00, 0x00, 0x00, 0x04, 0x00, 0x00, 0x00, 0xbe, 0xe1, 0xff, 0xff,
    0x0c, 0x00, 0x00, 0x00, 0x1c, 0x00, 0x00, 0x00, 0x3c, 0x00, 0x00, 0x00,
    0x0f, 0x00, 0x00, 0x00, 0x73, 0x65, 0x72, 0x76, 0x69, 0x6e, 0x67, 0x5f,
    0x64, 0x65, 0x66, 0x61, 0x75, 0x6c, 0x74, 0x00, 0x01, 0x00, 0x00, 0x00,
    0x04, 0x00, 0x00, 0x00, 0x94, 0xff, 0xff, 0xff, 0x6e, 0x00, 0x00, 0x00,
    0x04, 0x00, 0x00, 0x00, 0x08, 0x00, 0x00, 0x00, 0x6f, 0x75, 0x74, 0x70,
    0x75, 0x74, 0x5f, 0x30, 0x00, 0x00, 0x00, 0x00, 0x01, 0x00, 0x00, 0x00,
    0x04, 0x00, 0x00, 0x00, 0xc6, 0xe1, 0xff, 0xff, 0x04, 0x00, 0x00, 0x00,
    0x0b, 0x00, 0x00, 0x00, 0x70, 0x63, 0x65, 0x6e, 0x5f, 0x6d, 0x61, 0x74,
    0x72, 0x69, 0x78, 0x00, 0x02, 0x00, 0x00, 0x00, 0x34, 0x00, 0x00, 0x00,
    0x04, 0x00, 0x00, 0x00, 0xdc, 0xff, 0xff, 0xff, 0x71, 0x00, 0x00, 0x00,
    0x04, 0x00, 0x00, 0x00, 0x13, 0x00, 0x00, 0x00, 0x43, 0x4f, 0x4e, 0x56,
    0x45, 0x52, 0x53, 0x49, 0x4f, 0x4e, 0x5f, 0x4d, 0x45, 0x54, 0x41, 0x44,
    0x41, 0x54, 0x41, 0x00, 0x08, 0x00, 0x0c, 0x00, 0x08, 0x00, 0x04, 0x00,
    0x08, 0x00, 0x00, 0x00, 0x70, 0x00, 0x00, 0x00, 0x04, 0x00, 0x00, 0x00,
    0x13, 0x00, 0x00, 0x00, 0x6d, 0x69, 0x6e, 0x5f, 0x72, 0x75, 0x6e, 0x74,
    0x69, 0x6d, 0x65, 0x5f, 0x76, 0x65, 0x72, 0x73, 0x69, 0x6f, 0x6e, 0x00,
    0x72, 0x00, 0x00, 0x00, 0xf0, 0x0f, 0x00, 0x00, 0xe8, 0x0f, 0x00, 0x00,
    0xd4, 0x0f, 0x00, 0x00, 0xc0, 0x0f, 0x00, 0x00, 0xac, 0x0f, 0x00, 0x00,
    0x98, 0x0f, 0x00, 0x00, 0x84, 0x0f, 0x00, 0x00, 0x6c, 0x0f, 0x00, 0x00,
    0x58, 0x0f, 0x00, 0x00, 0x40, 0x0f, 0x00, 0x00, 0x2c, 0x0f, 0x00, 0x00,
    0x0c, 0x0f, 0x00, 0x00, 0xbc, 0x0e, 0x00, 0x00, 0xac, 0x0d, 0x00, 0x00,
    0x5c, 0x0d, 0x00, 0x00, 0x0c, 0x0b, 0x00, 0x00, 0xf0, 0x0a, 0x00, 0x00,
    0xd4, 0x0a, 0x00, 0x00, 0x94, 0x0a, 0x00, 0x00, 0x60, 0x0a, 0x00, 0x00,
    0x10, 0x0a, 0x00, 0x00, 0x40, 0x09, 0x00, 0x00, 0x00, 0x09, 0x00, 0x00,
    0x60, 0x08, 0x00, 0x00, 0x20, 0x08, 0x00, 0x00, 0xf0, 0x06, 0x00, 0x00,
    0xd8, 0x06, 0x00, 0x00, 0xc0, 0x06, 0x00, 0x00, 0x98, 0x06, 0x00, 0x00,
    0x58, 0x06, 0x00, 0x00, 0xe8, 0x05, 0x00, 0x00, 0xb8, 0x05, 0x00, 0x00,
    0x68, 0x05, 0x00, 0x00, 0x38, 0x05, 0x00, 0x00, 0x68, 0x04, 0x00, 0x00,
    0x50, 0x04, 0x00, 0x00, 0x38, 0x04, 0x00, 0x00, 0x24, 0x04, 0x00, 0x00,
    0xf4, 0x03, 0x00, 0x00, 0xec, 0x03, 0x00, 0x00, 0xc4, 0x03, 0x00, 0x00,
    0x94, 0x03, 0x00, 0x00, 0xbc, 0x02, 0x00, 0x00, 0xb4, 0x02, 0x00, 0x00,
    0xac, 0x02, 0x00, 0x00, 0xa4, 0x02, 0x00, 0x00, 0x9c, 0x02, 0x00, 0x00,
    0x94, 0x02, 0x00, 0x00, 0x8c, 0x02, 0x00, 0x00, 0x84, 0x02, 0x00, 0x00,
    0x7c, 0x02, 0x00, 0x00, 0x74, 0x02, 0x00, 0x00, 0x6c, 0x02, 0x00, 0x00,
    0x64, 0x02, 0x00, 0x00, 0x5c, 0x02, 0x00, 0x00, 0x54, 0x02, 0x00, 0x00,
    0x4c, 0x02, 0x00, 0x00, 0x44, 0x02, 0x00, 0x00, 0x3c, 0x02, 0x00, 0x00,
    0x34, 0x02, 0x00, 0x00, 0x2c, 0x02, 0x00, 0x00, 0x24, 0x02, 0x00, 0x00,
    0x1c, 0x02, 0x00, 0x00, 0x14, 0x02, 0x00, 0x00, 0x0c, 0x02, 0x00, 0x00,
    0x04, 0x02, 0x00, 0x00, 0xfc, 0x01, 0x00, 0x00, 0xf4, 0x01, 0x00, 0x00,
    0xec, 0x01, 0x00, 0x00, 0xe4, 0x01, 0x00, 0x00, 0xdc, 0x01, 0x00, 0x00,
    0xd4, 0x01, 0x00, 0x00, 0xcc, 0x01, 0x00, 0x00, 0xc4, 0x01, 0x00, 0x00,
    0xbc, 0x01, 0x00, 0x00, 0xb4, 0x01, 0x00, 0x00, 0xac, 0x01, 0x00, 0x00,
    0xa4, 0x01, 0x00, 0x00, 0x9c, 0x01, 0x00, 0x00, 0x94, 0x01, 0x00, 0x00,
    0x8c, 0x01, 0x00, 0x00, 0x84, 0x01, 0x00, 0x00, 0x7c, 0x01, 0x00, 0x00,
    0x74, 0x01, 0x00, 0x00, 0x6c, 0x01, 0x00, 0x00, 0x64, 0x01, 0x00, 0x00,
    0x5c, 0x01, 0x00, 0x00, 0x54, 0x01, 0x00, 0x00, 0x4c, 0x01, 0x00, 0x00,
    0x44, 0x01, 0x00, 0x00, 0x3c, 0x01, 0x00, 0x00, 0x34, 0x01, 0x00, 0x00,
    0x2c, 0x01, 0x00, 0x00, 0x24, 0x01, 0x00, 0x00, 0x1c, 0x01, 0x00, 0x00,
    0x14, 0x01, 0x00, 0x00, 0x0c, 0x01, 0x00, 0x00, 0x04, 0x01, 0x00, 0x00,
    0xfc, 0x00, 0x00, 0x00, 0xf4, 0x00, 0x00, 0x00, 0xec, 0x00, 0x00, 0x00,
    0xe4, 0x00, 0x00, 0x00, 0xdc, 0x00, 0x00, 0x00, 0xd4, 0x00, 0x00, 0x00,
    0xcc, 0x00, 0x00, 0x00, 0xc4, 0x00, 0x00, 0x00, 0xbc, 0x00, 0x00, 0x00,
    0xb4, 0x00, 0x00, 0x00, 0xac, 0x00, 0x00, 0x00, 0xa4, 0x00, 0x00, 0x00,
    0x9c, 0x00, 0x00, 0x00, 0x94, 0x00, 0x00, 0x00, 0x74, 0x00, 0x00, 0x00,
    0x04, 0x00, 0x00, 0x00, 0x06, 0xe4, 0xff, 0xff, 0x04, 0x00, 0x00, 0x00,
    0x60, 0x00, 0x00, 0x00, 0x0c, 0x00, 0x00, 0x00, 0x08, 0x00, 0x0e, 0x00,
    0x08, 0x00, 0x04, 0x00, 0x08, 0x00, 0x00, 0x00, 0x10, 0x00, 0x00, 0x00,
    0x28, 0x00, 0x00, 0x00, 0x00, 0x00, 0x06, 0x00, 0x08, 0x00, 0x04, 0x00,
    0x06, 0x00, 0x00, 0x00, 0x04, 0x00, 0x00, 0x00, 0x01, 0x00, 0x00, 0x00,
    0xeb, 0x03, 0x00, 0x00, 0x0c, 0x00, 0x18, 0x00, 0x14, 0x00, 0x10, 0x00,
    0x0c, 0x00, 0x04, 0x00, 0x0c, 0x00, 0x00, 0x00, 0xb5, 0xdf, 0xde, 0x27,
    0x81, 0xc7, 0x49, 0x0d, 0x02, 0x00, 0x00, 0x00, 0x02, 0x00, 0x00, 0x00,
    0x04, 0x00, 0x00, 0x00, 0x06, 0x00, 0x00, 0x00, 0x32, 0x2e, 0x32, 0x31,
    0x2e, 0x30, 0x00, 0x00, 0x72, 0xe4, 0xff, 0xff, 0x04, 0x00, 0x00, 0x00,
    0x10, 0x00, 0x00, 0x00, 0x32, 0x2e, 0x35, 0x2e, 0x30, 0x00, 0x00, 0x00,
    0x00, 0x00, 0x00, 0x00, 0x00, 0x00, 0x00, 0x00, 0x60, 0x92, 0xff, 0xff,
    0x64, 0x92, 0xff, 0xff, 0x68, 0x92, 0xff, 0xff, 0x6c, 0x92, 0xff, 0xff,
    0x70, 0x92, 0xff, 0xff, 0x74, 0x92, 0xff, 0xff, 0x78, 0x92, 0xff, 0xff,
    0x7c, 0x92, 0xff, 0xff, 0x80, 0x92, 0xff, 0xff, 0x84, 0x92, 0xff, 0xff,
    0x88, 0x92, 0xff, 0xff, 0x8c, 0x92, 0xff, 0xff, 0x90, 0x92, 0xff, 0xff,
    0x94, 0x92, 0xff, 0xff, 0x98, 0x92, 0xff, 0xff, 0x9c, 0x92, 0xff, 0xff,
    0xa0, 0x92, 0xff, 0xff, 0xa4, 0x92, 0xff, 0xff, 0xa8, 0x92, 0xff, 0xff,
    0xac, 0x92, 0xff, 0xff, 0xb0, 0x92, 0xff, 0xff, 0xb4, 0x92, 0xff, 0xff,
    0xb8, 0x92, 0xff, 0xff, 0xbc, 0x92, 0xff, 0xff, 0xc0, 0x92, 0xff, 0xff,
    0xc4, 0x92, 0xff, 0xff, 0xc8, 0x92, 0xff, 0xff, 0xcc, 0x92, 0xff, 0xff,
    0xd0, 0x92, 0xff, 0xff, 0xd4, 0x92, 0xff, 0xff, 0xd8, 0x92, 0xff, 0xff,
    0xdc, 0x92, 0xff, 0xff, 0xe0, 0x92, 0xff, 0xff, 0xe4, 0x92, 0xff, 0xff,
    0xe8, 0x92, 0xff, 0xff, 0xec, 0x92, 0xff, 0xff, 0xf0, 0x92, 0xff, 0xff,
    0xf4, 0x92, 0xff, 0xff, 0xf8, 0x92, 0xff, 0xff, 0xfc, 0x92, 0xff, 0xff,
    0x00, 0x93, 0xff, 0xff, 0x04, 0x93, 0xff, 0xff, 0x08, 0x93, 0xff, 0xff,
    0x0c, 0x93, 0xff, 0xff, 0x10, 0x93, 0xff, 0xff, 0x14, 0x93, 0xff, 0xff,
    0x18, 0x93, 0xff, 0xff, 0x1c, 0x93, 0xff, 0xff, 0x20, 0x93, 0xff, 0xff,
    0x24, 0x93, 0xff, 0xff, 0x28, 0x93, 0xff, 0xff, 0x2c, 0x93, 0xff, 0xff,
    0x30, 0x93, 0xff, 0xff, 0x34, 0x93, 0xff, 0xff, 0x38, 0x93, 0xff, 0xff,
    0x3c, 0x93, 0xff, 0xff, 0x40, 0x93, 0xff, 0xff, 0x44, 0x93, 0xff, 0xff,
    0x48, 0x93, 0xff, 0xff, 0x4c, 0x93, 0xff, 0xff, 0x50, 0x93, 0xff, 0xff,
    0x54, 0x93, 0xff, 0xff, 0x58, 0x93, 0xff, 0xff, 0x5c, 0x93, 0xff, 0xff,
    0x60, 0x93, 0xff, 0xff, 0x64, 0x93, 0xff, 0xff, 0x68, 0x93, 0xff, 0xff,
    0x6c, 0x93, 0xff, 0xff, 0x70, 0x93, 0xff, 0xff, 0xa2, 0xe5, 0xff, 0xff,
    0x04, 0x00, 0x00, 0x00, 0xc8, 0x00, 0x00, 0x00, 0x1f, 0x47, 0x7f, 0x16,
    0xee, 0xb8, 0x69, 0xd5, 0x14, 0x2a, 0x26, 0xc2, 0x1e, 0x4e, 0xb2, 0x03,
    0x41, 0x2b, 0xc7, 0xdf, 0x15, 0xe4, 0xa9, 0xfd, 0x89, 0x19, 0xf8, 0x3b,
    0x47, 0xa4, 0x2b, 0xb7, 0xf5, 0x1a, 0xae, 0x9c, 0x4a, 0x0a, 0x52, 0xae,
    0xd1, 0x44, 0x81, 0x12, 0xd4, 0xaf, 0xd3, 0xc2, 0xdb, 0x94, 0x81, 0xcf,
    0xae, 0xa3, 0x0e, 0xce, 0x07, 0xca, 0x38, 0x00, 0xeb, 0xdf, 0xf7, 0x01,
    0xce, 0x00, 0xfe, 0xca, 0xc9, 0xb6, 0xa9, 0xd2, 0xea, 0xd1, 0x2b, 0xf9,
    0x3b, 0xda, 0xe8, 0x61, 0xbc, 0xca, 0x21, 0xed, 0x2f, 0x94, 0x9f, 0xea,
    0x2d, 0x1a, 0x3c, 0xf3, 0x8f, 0x30, 0xfb, 0x81, 0xc3, 0xe8, 0x40, 0xd2,
    0x70, 0xfb, 0x0c, 0xeb, 0x4e, 0x53, 0x02, 0xce, 0xbe, 0xf1, 0x01, 0x4a,
    0xf4, 0x30, 0x79, 0x6d, 0x29, 0x81, 0x0e, 0x05, 0xc0, 0x5b, 0x21, 0xd6,
    0x33, 0x56, 0x7f, 0xdf, 0x19, 0x34, 0x1c, 0xcd, 0xea, 0xd4, 0x37, 0x4a,
    0xd8, 0x04, 0xd7, 0x36, 0x8c, 0x42, 0x8c, 0x39, 0x52, 0xf3, 0xb6, 0xa3,
    0x8b, 0x14, 0x0c, 0x17, 0xf5, 0xca, 0xfa, 0xfd, 0x2d, 0xcd, 0xec, 0x81,
    0x0b, 0x4c, 0x09, 0x16, 0x97, 0x50, 0x57, 0x64, 0x46, 0xe4, 0x22, 0x52,
    0x49, 0x09, 0xf5, 0xa1, 0xaf, 0x8f, 0x3b, 0x2c, 0x40, 0x35, 0x55, 0xcd,
    0x2d, 0xc7, 0xd0, 0x4f, 0x99, 0x81, 0x00, 0x73, 0x39, 0x21, 0xe7, 0x6a,
    0x16, 0xc8, 0x3f, 0x16, 0x76, 0xe6, 0xff, 0xff, 0x04, 0x00, 0x00, 0x00,
    0x20, 0x00, 0x00, 0x00, 0xeb, 0xee, 0xff, 0xff, 0x32, 0x2a, 0x00, 0x00,
    0xc7, 0x53, 0x00, 0x00, 0x3b, 0x1e, 0x00, 0x00, 0xba, 0xdb, 0xff, 0xff,
    0x36, 0xf9, 0xff, 0xff, 0xd8, 0xe0, 0xff, 0xff, 0x98, 0xee, 0xff, 0xff,
    0xa2, 0xe6, 0xff, 0xff, 0x04, 0x00, 0x00, 0x00, 0x18, 0x00, 0x00, 0x00,
    0x4d, 0x81, 0xd2, 0x88, 0x7f, 0x0a, 0x81, 0xa4, 0x7f, 0x30, 0x81, 0x81,
    0x5c, 0xec, 0xd2, 0x81, 0xf7, 0xbe, 0x47, 0x63, 0x43, 0x7f, 0x77, 0xf9,
    0x98, 0x94, 0xff, 0xff, 0xca, 0xe6, 0xff, 0xff, 0x04, 0x00, 0x00, 0x00,
    0x20, 0x00, 0x00, 0x00, 0x00, 0x00, 0x00, 0x00, 0x00, 0x00, 0x00, 0x00,
    0x00, 0x00, 0x00, 0x00, 0x00, 0x00, 0x00, 0x00, 0x00, 0x00, 0x00, 0x00,
    0x00, 0x00, 0x00, 0x00, 0x00, 0x00, 0x00, 0x00, 0x00, 0x00, 0x00, 0x00,
    0xf6, 0xe6, 0xff, 0xff, 0x04, 0x00, 0x00, 0x00, 0x01, 0x00, 0x00, 0x00,
    0x7f, 0x00, 0x00, 0x00, 0x06, 0xe7, 0xff, 0xff, 0x04, 0x00, 0x00, 0x00,
    0x08, 0x00, 0x00, 0x00, 0x70, 0x6e, 0x65, 0x71, 0x61, 0x5b, 0x7f, 0x6f,
    0x1a, 0xe7, 0xff, 0xff, 0x04, 0x00, 0x00, 0x00, 0x08, 0x00, 0x00, 0x00,
    0x7f, 0x41, 0x2d, 0x1f, 0x80, 0x6a, 0xdb, 0x5e, 0x2e, 0xe7, 0xff, 0xff,
    0x04, 0x00, 0x00, 0x00, 0xc0, 0x00, 0x00, 0x00, 0xc1, 0x5b, 0x5a, 0x0f,
    0x81, 0x41, 0xa4, 0x8b, 0x8d, 0xd5, 0x27, 0xcc, 0xa6, 0x9a, 0xd7, 0xf7,
    0xfe, 0x54, 0xdb, 0xe2, 0xad, 0xc5, 0xf2, 0x22, 0xb4, 0x57, 0x06, 0xf2,
    0xac, 0xc2, 0xc2, 0x32, 0xfc, 0x1f, 0x0f, 0xf6, 0x42, 0x50, 0xc9, 0xb4,
    0xc2, 0x7f, 0x15, 0x34, 0x57, 0xa3, 0xad, 0x0f, 0x40, 0xcd, 0xe4, 0x86,
    0x65, 0xa8, 0xb7, 0x18, 0x72, 0xc4, 0x06, 0xc9, 0x29, 0x1f, 0xd5, 0xb6,
    0x7f, 0xf0, 0x09, 0xb9, 0x26, 0xff, 0x6b, 0x27, 0x00, 0xad, 0x2b, 0xdf,
    0xf0, 0xc6, 0xbd, 0x6b, 0x8e, 0xda, 0x53, 0xef, 0x5a, 0xe5, 0x57, 0xf6,
    0x00, 0x7f, 0x65, 0x72, 0xd0, 0x22, 0x42, 0xf0, 0x31, 0x52, 0x2e, 0x34,
    0xb0, 0x25, 0xe2, 0xf1, 0x0c, 0x7c, 0x7f, 0x34, 0xf6, 0xdc, 0x09, 0xfc,
    0x15, 0x78, 0x34, 0x67, 0x20, 0x29, 0x03, 0x4e, 0xde, 0x46, 0x3a, 0x3d,
    0x53, 0xe6, 0x7f, 0x17, 0xd5, 0xe5, 0x36, 0xf5, 0xac, 0xe4, 0x0b, 0x0e,
    0xbb, 0xe8, 0xce, 0xd4, 0xf5, 0xc9, 0x6e, 0x11, 0x96, 0x41, 0x8c, 0x2c,
    0xc1, 0xef, 0x7f, 0xfc, 0x52, 0x0e, 0xc9, 0x07, 0x3d, 0x19, 0xd9, 0xed,
    0xbd, 0x24, 0xa2, 0x5c, 0xe9, 0x62, 0x47, 0x54, 0x19, 0x2e, 0xe1, 0xeb,
    0xf3, 0xe8, 0x81, 0x3c, 0x30, 0xe7, 0x0f, 0xa1, 0xd5, 0xc2, 0x31, 0xe2,
    0x3f, 0xc6, 0x03, 0xcc, 0xfc, 0x2c, 0xf3, 0x37, 0xfa, 0xe7, 0xff, 0xff,
    0x04, 0x00, 0x00, 0x00, 0x20, 0x00, 0x00, 0x00, 0x04, 0x11, 0x00, 0x00,
    0x04, 0xfe, 0xff, 0xff, 0xae, 0x02, 0x00, 0x00, 0xe2, 0xf5, 0xff, 0xff,
    0x5b, 0xe2, 0xff, 0xff, 0x34, 0xfc, 0xff, 0xff, 0x35, 0xfc, 0xff, 0xff,
    0x8b, 0x08, 0x00, 0x00, 0x26, 0xe8, 0xff, 0xff, 0x04, 0x00, 0x00, 0x00,
    0x40, 0x00, 0x00, 0x00, 0x7f, 0xf6, 0x28, 0xa5, 0x5e, 0x8f, 0xc5, 0x57,
    0xcf, 0x4d, 0x22, 0xd1, 0x08, 0x49, 0x27, 0x81, 0x6d, 0xfa, 0x43, 0xbb,
    0xa9, 0x86, 0x7f, 0x61, 0xcd, 0x81, 0xbd, 0x03, 0xf2, 0x60, 0x7b, 0x6a,
    0xed, 0x32, 0x2a, 0xcf, 0x02, 0xcc, 0x13, 0x7f, 0x7f, 0xe5, 0x29, 0x39,
    0xaa, 0x64, 0xc8, 0xf0, 0x81, 0x2f, 0x26, 0xdb, 0x94, 0xfa, 0x60, 0x2f,
    0x7f, 0xd8, 0x14, 0x7d, 0x8b, 0x13, 0xbd, 0x2f, 0x72, 0xe8, 0xff, 0xff,
    0x04, 0x00, 0x00, 0x00, 0x20, 0x00, 0x00, 0x00, 0x64, 0x03, 0x00, 0x00,
    0x26, 0xff, 0xff, 0xff, 0xe3, 0x03, 0x00, 0x00, 0xa6, 0xfd, 0xff, 0xff,
    0xe5, 0x03, 0x00, 0x00, 0x13, 0xff, 0xff, 0xff, 0xc9, 0xfb, 0xff, 0xff,
    0x14, 0xff, 0xff, 0xff, 0x9e, 0xe8, 0xff, 0xff, 0x04, 0x00, 0x00, 0x00,
    0x60, 0x00, 0x00, 0x00, 0x8e, 0x7f, 0x4c, 0x5c, 0xdf, 0x69, 0xc1, 0x54,
    0x7f, 0x7d, 0x75, 0x49, 0x3f, 0x2e, 0x59, 0xaf, 0xb6, 0x85, 0xb5, 0xc8,
    0x70, 0xe9, 0x64, 0x7f, 0x35, 0x4d, 0x5a, 0x7f, 0x8e, 0x1c, 0xbd, 0x02,
    0x4c, 0xe4, 0x66, 0xd7, 0x88, 0x3d, 0x4f, 0x81, 0x03, 0xde, 0xbc, 0x7e,
    0x9c, 0xf4, 0x81, 0x15, 0xb1, 0xbb, 0x90, 0x54, 0x64, 0x68, 0x45, 0x7f,
    0x64, 0x81, 0x6e, 0xd1, 0x33, 0xfd, 0xc7, 0x63, 0x7f, 0x0c, 0x87, 0x4b,
    0x2b, 0xe7, 0xff, 0xfd, 0x50, 0xa9, 0x44, 0x18, 0xda, 0x4d, 0x81, 0x91,
    0x7f, 0x0f, 0x63, 0x47, 0xf9, 0xe8, 0xfa, 0x07, 0x7f, 0xaf, 0x44, 0xeb,
    0x04, 0x1d, 0x5e, 0x09, 0x0a, 0xe9, 0xff, 0xff, 0x04, 0x00, 0x00, 0x00,
    0x30, 0x00, 0x00, 0x00, 0x40, 0xff, 0xff, 0xff, 0xf7, 0x01, 0x00, 0x00,
    0x6b, 0xff, 0xff, 0xff, 0xc0, 0xff, 0xff, 0xff, 0x44, 0xff, 0xff, 0xff,
    0xb6, 0xfb, 0xff, 0xff, 0x61, 0xff, 0xff, 0xff, 0x01, 0x03, 0x00, 0x00,
    0x7a, 0xff, 0xff, 0xff, 0x74, 0xff, 0xff, 0xff, 0xed, 0xfe, 0xff, 0xff,
    0xd4, 0x00, 0x00, 0x00, 0x46, 0xe9, 0xff, 0xff, 0x04, 0x00, 0x00, 0x00,
    0x18, 0x00, 0x00, 0x00, 0x81, 0x36, 0xd0, 0xf4, 0x81, 0x50, 0x74, 0x04,
    0x84, 0x05, 0xd1, 0x81, 0xd2, 0x15, 0x81, 0x33, 0x52, 0x7f, 0x81, 0xa1,
    0x2f, 0x7f, 0xe5, 0x81, 0x6a, 0xe9, 0xff, 0xff, 0x04, 0x00, 0x00, 0x00,
    0x08, 0x00, 0x00, 0x00, 0x6c, 0x5f, 0x7f, 0x55, 0x54, 0x55, 0x79, 0x75,
    0x7e, 0xe9, 0xff, 0xff, 0x04, 0x00, 0x00, 0x00, 0x08, 0x00, 0x00, 0x00,
    0x23, 0x0a, 0x7f, 0xa2, 0x0c, 0x80, 0x48, 0x57, 0x92, 0xe9, 0xff, 0xff,
    0x04, 0x00, 0x00, 0x00, 0x20, 0x01, 0x00, 0x00, 0x40, 0xb4, 0x94, 0xae,
    0xdc, 0x14, 0xa7, 0x3b, 0xf5, 0x9a, 0x8e, 0x3b, 0xe7, 0xd2, 0xef, 0x7f,
    0xd8, 0x2f, 0x66, 0xa1, 0xe9, 0xdd, 0xff, 0x4e, 0x0c, 0x4f, 0x70, 0x07,
    0x53, 0x17, 0x3f, 0x1d, 0x0c, 0xc8, 0x8e, 0x4c, 0x07, 0x4c, 0x01, 0x07,
    0xf0, 0xfa, 0xe9, 0x10, 0xb9, 0xc0, 0x7f, 0xf0, 0xb1, 0xc6, 0x5e, 0xf2,
    0x53, 0xb7, 0xd8, 0x5b, 0x81, 0xf4, 0xc0, 0xd4, 0xe8, 0xfc, 0xdb, 0x53,
    0x20, 0x2a, 0x70, 0x19, 0x29, 0x41, 0x33, 0xec, 0x2e, 0x45, 0x09, 0xeb,
    0xcc, 0xd0, 0x4d, 0xe0, 0x7f, 0x23, 0x02, 0xb8, 0x2d, 0xe2, 0x55, 0xa2,
    0x30, 0x04, 0x09, 0x04, 0x07, 0x3c, 0xbb, 0xde, 0x15, 0xe9, 0x4e, 0x47,
    0x17, 0x01, 0x7f, 0x20, 0xc4, 0xc7, 0xb9, 0x27, 0xb7, 0x0e, 0x2a, 0xa9,
    0x00, 0xeb, 0x3c, 0xed, 0x19, 0xbd, 0x21, 0xcc, 0x2a, 0x57, 0x35, 0x33,
    0x81, 0x63, 0x57, 0xfb, 0x13, 0xe0, 0xdb, 0xc2, 0x97, 0x20, 0x3d, 0xb5,
    0x9d, 0x0e, 0xd8, 0x19, 0xf0, 0xd3, 0x0c, 0xd3, 0x22, 0x8c, 0x95, 0x07,
    0xb5, 0x9d, 0xc9, 0x9e, 0x25, 0xd3, 0x81, 0x34, 0xdc, 0x46, 0xb9, 0x85,
    0x63, 0x10, 0xf7, 0x32, 0x6c, 0x29, 0x3a, 0x82, 0x4e, 0x3a, 0xc7, 0xb7,
    0x34, 0x38, 0xd3, 0xa3, 0x88, 0xc3, 0xda, 0x27, 0xe9, 0x45, 0xa8, 0xe2,
    0x3d, 0x63, 0x1c, 0x81, 0xbe, 0xe1, 0xe4, 0x01, 0x96, 0xda, 0x7f, 0xc1,
    0x3b, 0x9f, 0x01, 0xe0, 0x34, 0xaf, 0x77, 0x22, 0x10, 0xc1, 0x51, 0xaf,
    0xca, 0x53, 0x75, 0x63, 0x3e, 0x5b, 0xd9, 0x11, 0xd5, 0xdd, 0x9f, 0x1a,
    0xa8, 0x1b, 0x31, 0xb5, 0xf4, 0xd4, 0xc2, 0x31, 0xfd, 0x53, 0xe2, 0xbf,
    0x1d, 0xe4, 0x97, 0xc9, 0xb5, 0x60, 0x7f, 0x0d, 0xe6, 0xc7, 0x68, 0xe7,
    0x64, 0xf9, 0x11, 0x15, 0x63, 0x6e, 0x81, 0x32, 0x9b, 0x70, 0x46, 0x3f,
    0x87, 0x92, 0x30, 0xba, 0xaf, 0x1d, 0xc9, 0xee, 0x1c, 0xfb, 0xa3, 0x34,
    0xf8, 0xb3, 0x81, 0x20, 0x60, 0x1d, 0xaf, 0xa6, 0xe5, 0xd8, 0x30, 0x0a,
    0x24, 0x9e, 0xf0, 0xf4, 0xf1, 0x5d, 0x37, 0x5e, 0xbe, 0xea, 0xff, 0xff,
    0x04, 0x00, 0x00, 0x00, 0x30, 0x00, 0x00, 0x00, 0x67, 0x14, 0x00, 0x00,
    0xe1, 0xf3, 0xff, 0xff, 0x22, 0xfb, 0xff, 0xff, 0xd0, 0xf9, 0xff, 0xff,
    0x65, 0xfc, 0xff, 0xff, 0xea, 0x02, 0x00, 0x00, 0x33, 0x0e, 0x00, 0x00,
    0xb2, 0x0a, 0x00, 0x00, 0x2b, 0xef, 0xff, 0xff, 0xcd, 0x0e, 0x00, 0x00,
    0xe6, 0xfa, 0xff, 0xff, 0x93, 0x0b, 0x00, 0x00, 0xfa, 0xea, 0xff, 0xff,
    0x04, 0x00, 0x00, 0x00, 0x90, 0x00, 0x00, 0x00, 0x10, 0xc1, 0xec, 0x5d,
    0x81, 0xd6, 0x13, 0xe0, 0xa3, 0xa1, 0xc1, 0x1c, 0x5d, 0x11, 0x19, 0xb5,
    0x27, 0x5a, 0xfd, 0x1c, 0x96, 0x7f, 0xa5, 0x49, 0x47, 0x3a, 0xfc, 0xdb,
    0xd0, 0x16, 0x89, 0x81, 0xaa, 0x78, 0xc8, 0xbc, 0x81, 0xc2, 0xaf, 0x14,
    0xcd, 0x22, 0x8d, 0xa1, 0x61, 0x3e, 0xe9, 0xdf, 0x81, 0x50, 0x05, 0x4e,
    0x79, 0xc9, 0x08, 0xf2, 0x12, 0x75, 0xfc, 0x81, 0x81, 0xf2, 0x0d, 0x41,
    0x17, 0xba, 0x47, 0x38, 0xc3, 0xbb, 0x35, 0xfb, 0x84, 0xca, 0x81, 0x15,
    0xe2, 0x3e, 0x48, 0xcf, 0xf2, 0x2f, 0x2a, 0x39, 0x65, 0xe0, 0xfc, 0xb7,
    0x60, 0x81, 0xec, 0x3c, 0x59, 0x65, 0xcf, 0x19, 0x23, 0x42, 0x10, 0xae,
    0x81, 0x4c, 0x9e, 0x52, 0xd1, 0x5f, 0x26, 0x3b, 0x81, 0x3f, 0x5c, 0x05,
    0x62, 0x10, 0x01, 0x60, 0x5a, 0x76, 0xed, 0x98, 0x69, 0x71, 0x27, 0x3e,
    0x6d, 0x47, 0x50, 0x7f, 0x52, 0xf6, 0x67, 0xfa, 0x18, 0x5b, 0x86, 0xed,
    0xa1, 0xe0, 0xed, 0x23, 0x4c, 0x60, 0xea, 0x7f, 0x96, 0xeb, 0xff, 0xff,
    0x04, 0x00, 0x00, 0x00, 0x30, 0x00, 0x00, 0x00, 0x30, 0xff, 0xff, 0xff,
    0x54, 0x02, 0x00, 0x00, 0x2e, 0xff, 0xff, 0xff, 0xad, 0xff, 0xff, 0xff,
    0xf6, 0xfe, 0xff, 0xff, 0x28, 0xfd, 0xff, 0xff, 0x34, 0xff, 0xff, 0xff,
    0x3b, 0x03, 0x00, 0x00, 0x51, 0xff, 0xff, 0xff, 0x14, 0xff, 0xff, 0xff,
    0x55, 0xfe, 0xff, 0xff, 0x16, 0x01, 0x00, 0x00, 0xd2, 0xeb, 0xff, 0xff,
    0x04, 0x00, 0x00, 0x00, 0xc0, 0x00, 0x00, 0x00, 0xcc, 0x4f, 0xf6, 0xca,
    0x7f, 0xce, 0x03, 0x25, 0x11, 0xc1, 0xf0, 0x91, 0x5a, 0x74, 0x81, 0xd7,
    0xdb, 0xd5, 0x2b, 0x8a, 0x73, 0xd6, 0x3d, 0x73, 0xf7, 0xfa, 0x30, 0x2c,
    0x18, 0x5b, 0x7f, 0xd6, 0x65, 0x72, 0xcd, 0x15, 0x07, 0x03, 0x4e, 0x56,
    0xbe, 0x29, 0x41, 0x81, 0xec, 0x15, 0xdb, 0xcd, 0x9d, 0x25, 0x9e, 0x89,
    0x71, 0xae, 0x7f, 0xb4, 0x7d, 0x1e, 0xaf, 0x2d, 0x7f, 0xa6, 0x0f, 0x88,
    0xdc, 0x44, 0x68, 0xf8, 0xca, 0xfd, 0x55, 0x83, 0x71, 0x7f, 0x2b, 0xb7,
    0xa0, 0xd7, 0xed, 0xe8, 0xb9, 0x18, 0xa2, 0x53, 0x5f, 0x42, 0x00, 0xbc,
    0x94, 0x4c, 0xe9, 0x7f, 0xbe, 0x9e, 0xb1, 0xee, 0xd5, 0xb4, 0x4e, 0x05,
    0xa8, 0x97, 0x2e, 0x3e, 0x55, 0x3d, 0x5c, 0x81, 0xc7, 0x66, 0x27, 0x8b,
    0xc6, 0x97, 0x5d, 0x5c, 0x92, 0x49, 0x81, 0xd5, 0x35, 0xee, 0x3f, 0x81,
    0xce, 0x34, 0x60, 0x84, 0xa7, 0x54, 0x4b, 0x9c, 0xa9, 0x04, 0x86, 0x1f,
    0xc0, 0x19, 0x20, 0x7a, 0xfc, 0xd3, 0x7f, 0xc3, 0xd8, 0x08, 0x60, 0xb0,
    0x33, 0x35, 0xff, 0x06, 0x81, 0xbe, 0x04, 0x43, 0x3d, 0xa5, 0xa7, 0x1a,
    0x45, 0x72, 0x8c, 0xab, 0x48, 0x81, 0x07, 0x4a, 0x0c, 0x74, 0x2b, 0xc0,
    0xc5, 0xe0, 0x3c, 0xbc, 0xd0, 0x81, 0xaf, 0x68, 0xde, 0x7f, 0xa5, 0x8d,
    0x10, 0x56, 0x7b, 0x7b, 0x09, 0x14, 0x2a, 0xfc, 0x9e, 0xec, 0xff, 0xff,
    0x04, 0x00, 0x00, 0x00, 0x40, 0x00, 0x00, 0x00, 0x14, 0x00, 0x00, 0x00,
    0x7e, 0x01, 0x00, 0x00, 0x75, 0x00, 0x00, 0x00, 0x35, 0xff, 0xff, 0xff,
    0x7f, 0x00, 0x00, 0x00, 0x79, 0xff, 0xff, 0xff, 0x6c, 0x01, 0x00, 0x00,
    0x4a, 0x01, 0x00, 0x00, 0xe9, 0xfe, 0xff, 0xff, 0x9e, 0xfe, 0xff, 0xff,
    0xd5, 0xfe, 0xff, 0xff, 0x65, 0x01, 0x00, 0x00, 0x50, 0xff, 0xff, 0xff,
    0xa9, 0xfe, 0xff, 0xff, 0xed, 0x02, 0x00, 0x00, 0x3a, 0xfe, 0xff, 0xff,
    0xea, 0xec, 0xff, 0xff, 0x04, 0x00, 0x00, 0x00, 0x24, 0x00, 0x00, 0x00,
    0x07, 0x50, 0x9a, 0x7f, 0x0b, 0x7f, 0xd5, 0x81, 0x22, 0x81, 0x7f, 0xf8,
    0x7f, 0x81, 0xa2, 0x91, 0xfb, 0x54, 0x8f, 0xe0, 0x81, 0xa4, 0xa5, 0x81,
    0xe2, 0x28, 0x7f, 0xf0, 0x81, 0x4e, 0x7f, 0x2c, 0x39, 0x4b, 0xce, 0x9f,
    0x1a, 0xed, 0xff, 0xff, 0x04, 0x00, 0x00, 0x00, 0x30, 0x00, 0x00, 0x00,
    0x00, 0x00, 0x00, 0x00, 0x00, 0x00, 0x00, 0x00, 0x00, 0x00, 0x00, 0x00,
    0x00, 0x00, 0x00, 0x00, 0x00, 0x00, 0x00, 0x00, 0x00, 0x00, 0x00, 0x00,
    0x00, 0x00, 0x00, 0x00, 0x00, 0x00, 0x00, 0x00, 0x00, 0x00, 0x00, 0x00,
    0x00, 0x00, 0x00, 0x00, 0x00, 0x00, 0x00, 0x00, 0x00, 0x00, 0x00, 0x00,
    0x56, 0xed, 0xff, 0xff, 0x04, 0x00, 0x00, 0x00, 0x0c, 0x00, 0x00, 0x00,
    0x7f, 0x53, 0x6f, 0x51, 0x5a, 0x60, 0x3b, 0x4f, 0x40, 0x5c, 0x38, 0x4e,
    0x6e, 0xed, 0xff, 0xff, 0x04, 0x00, 0x00, 0x00, 0x0c, 0x00, 0x00, 0x00,
    0x61, 0x4d, 0x7f, 0x27, 0x63, 0x27, 0x2d, 0x80, 0x2e, 0xf1, 0xb6, 0x9d,
    0x86, 0xed, 0xff, 0xff, 0x04, 0x00, 0x00, 0x00, 0x40, 0x02, 0x00, 0x00,
    0x45, 0xa7, 0xe3, 0xe6, 0xc8, 0x96, 0xc7, 0xdf, 0xda, 0x3c, 0x56, 0xf3,
    0x7c, 0x70, 0x3d, 0x20, 0xb6, 0xa5, 0x06, 0xe9, 0x7f, 0xb7, 0x9c, 0xc1,
    0x1d, 0xe7, 0x78, 0x0f, 0xea, 0xb3, 0xdd, 0xdb, 0xec, 0xdb, 0x55, 0xbc,
    0x25, 0xd0, 0x18, 0x5b, 0xe2, 0x54, 0x2f, 0x38, 0xc8, 0x21, 0xbf, 0x2e,
    0x07, 0x1b, 0xc7, 0x2a, 0x1a, 0x4b, 0xc8, 0x7f, 0xc6, 0xb5, 0xd2, 0xcc,
    0x2b, 0xa4, 0xbe, 0x43, 0x8e, 0x6a, 0xa8, 0xf6, 0xf4, 0x60, 0xff, 0x77,
    0x33, 0x17, 0x1a, 0x2b, 0xa9, 0x8c, 0x3e, 0xd4, 0xd6, 0x27, 0xc7, 0xeb,
    0x73, 0x2d, 0x34, 0xfa, 0x10, 0xdd, 0x42, 0x0f, 0x14, 0xcd, 0xe4, 0xf4,
    0x40, 0x47, 0x0a, 0x36, 0x30, 0x81, 0xe6, 0x91, 0x35, 0xde, 0xc3, 0xd8,
    0xc8, 0x51, 0x95, 0xde, 0xf2, 0xa4, 0xbc, 0x18, 0xd3, 0xd3, 0x29, 0xea,
    0x9d, 0xa4, 0x89, 0xf1, 0xc0, 0x1f, 0x45, 0x86, 0x14, 0x82, 0xef, 0x11,
    0x1d, 0x65, 0x96, 0xe5, 0x40, 0xa6, 0xe4, 0xdf, 0x23, 0x81, 0x31, 0x51,
    0x7f, 0xff, 0x63, 0x50, 0xba, 0x9b, 0xe3, 0xa6, 0xd7, 0xd9, 0xf4, 0xad,
    0x41, 0x39, 0xf4, 0x5e, 0xdc, 0xb0, 0x1b, 0xce, 0x33, 0xc9, 0xcb, 0xaf,
    0x39, 0x03, 0x7c, 0x21, 0x24, 0xc4, 0x29, 0xbd, 0x3f, 0xda, 0x4d, 0x01,
    0x62, 0x4d, 0x63, 0x46, 0xce, 0x81, 0x8c, 0x04, 0xe6, 0x7d, 0x01, 0x04,
    0xc8, 0xf7, 0x28, 0xf5, 0xdc, 0xcb, 0xf0, 0xfb, 0xc8, 0x28, 0x26, 0xa9,
    0x4f, 0xb5, 0x12, 0x76, 0x11, 0x1f, 0xf9, 0x02, 0x54, 0xe2, 0xac, 0xfb,
    0x19, 0x21, 0xe8, 0x27, 0x25, 0x22, 0x33, 0x40, 0xc0, 0x43, 0x17, 0x79,
    0x45, 0x1f, 0xda, 0x00, 0xfc, 0x06, 0x30, 0x2c, 0x35, 0x9f, 0xcd, 0x2b,
    0x42, 0xb8, 0x81, 0xab, 0xb9, 0x59, 0x06, 0x41, 0xc2, 0xb4, 0x0b, 0xf5,
    0x7f, 0x40, 0xcc, 0xf6, 0x1e, 0xbf, 0xda, 0x06, 0xdb, 0x2f, 0xf3, 0xcf,
    0x15, 0x37, 0x22, 0xe7, 0xf5, 0xb8, 0x3d, 0xf0, 0xd8, 0x3f, 0xb5, 0x0e,
    0x64, 0xef, 0x0e, 0x17, 0x1c, 0xd9, 0xcd, 0x20, 0x0b, 0x0e, 0xc0, 0x24,
    0x81, 0xdd, 0x3d, 0xa5, 0x11, 0x0b, 0x1f, 0xaa, 0x25, 0x0a, 0x04, 0xc7,
    0x81, 0xad, 0x9b, 0xcd, 0xe9, 0x47, 0xf6, 0x2b, 0xb0, 0x48, 0x21, 0x18,
    0xdf, 0xb5, 0xed, 0x0a, 0x47, 0xca, 0x0c, 0xa7, 0xe0, 0x0b, 0xc1, 0x3a,
    0x9e, 0xa5, 0x33, 0x09, 0x7f, 0x3d, 0x20, 0x3f, 0x10, 0xec, 0xa7, 0x00,
    0xbd, 0x2d, 0xa0, 0xec, 0x3e, 0x06, 0xf7, 0x0c, 0x18, 0x37, 0x0b, 0xec,
    0xc3, 0x00, 0x05, 0xc8, 0xe9, 0x0c, 0x35, 0xec, 0xd1, 0x68, 0xd9, 0xdc,
    0x9d, 0xef, 0x7b, 0x09, 0x2e, 0x51, 0xa9, 0x92, 0x1a, 0xd1, 0x12, 0xed,
    0x26, 0x7f, 0x36, 0x5e, 0x2e, 0x2d, 0x06, 0x3c, 0xe3, 0x25, 0x14, 0xb8,
    0xe6, 0xc0, 0x2b, 0x71, 0xe1, 0xf0, 0x50, 0x9f, 0x52, 0xf6, 0x2e, 0xb4,
    0x95, 0xb3, 0x96, 0x23, 0x46, 0x51, 0xb3, 0xfc, 0xcf, 0x15, 0x4a, 0xa6,
    0xe5, 0x5d, 0x28, 0x42, 0x26, 0xfb, 0xbd, 0xe6, 0x08, 0x7f, 0x0b, 0x41,
    0xc3, 0xd6, 0xcd, 0xe0, 0x38, 0x07, 0x00, 0x15, 0x47, 0x5a, 0x0a, 0xf1,
    0x81, 0x0f, 0xf6, 0xd8, 0xef, 0x5b, 0xd6, 0xfd, 0x23, 0x86, 0xc7, 0x03,
    0x18, 0x42, 0x21, 0xa1, 0x4d, 0x37, 0x4c, 0x19, 0x24, 0x82, 0xc6, 0xfb,
    0x9d, 0x0c, 0x72, 0xbd, 0x3c, 0x4f, 0xab, 0x2d, 0x15, 0x8e, 0x46, 0x0f,
    0x76, 0x26, 0xda, 0x49, 0x27, 0x05, 0xb1, 0x0d, 0x16, 0x34, 0xd3, 0xd3,
    0x7f, 0x05, 0x15, 0x2a, 0x63, 0x14, 0xcd, 0xc8, 0x29, 0xbf, 0x31, 0x10,
    0x2c, 0x54, 0xea, 0xfb, 0xe1, 0xfd, 0x1b, 0x2c, 0x01, 0x2d, 0xb7, 0xed,
    0x8e, 0xd4, 0x4d, 0x33, 0x6f, 0x17, 0xe8, 0x50, 0x1c, 0x35, 0xcf, 0x33,
    0xf0, 0xe8, 0xc0, 0xe9, 0x3a, 0x1e, 0xf4, 0x15, 0xd5, 0x7f, 0xd6, 0xf3,
    0xac, 0x39, 0xbd, 0x1e, 0x78, 0x1f, 0x1a, 0xf3, 0xd9, 0x3a, 0xd8, 0xf8,
    0x30, 0x1c, 0xf4, 0x06, 0xe2, 0xa9, 0x3e, 0xce, 0xef, 0xeb, 0x0d, 0x31,
    0x79, 0x16, 0x27, 0x30, 0xce, 0xa0, 0xd9, 0x0b, 0xf3, 0x19, 0xea, 0x8e,
    0x5a, 0x62, 0x13, 0x5f, 0x35, 0x81, 0x39, 0x81, 0x55, 0x16, 0xdb, 0xf7,
    0xd2, 0xef, 0xff, 0xff, 0x04, 0x00, 0x00, 0x00, 0x40, 0x00, 0x00, 0x00,
    0x71, 0x05, 0x00, 0x00, 0xf5, 0xf6, 0xff, 0xff, 0xfa, 0xfc, 0xff, 0xff,
    0x2a, 0x16, 0x00, 0x00, 0x59, 0xff, 0xff, 0xff, 0x0a, 0xfd, 0xff, 0xff,
    0xf8, 0xf5, 0xff, 0xff, 0xbf, 0xf8, 0xff, 0xff, 0xc5, 0x11, 0x00, 0x00,
    0x3f, 0x05, 0x00, 0x00, 0xad, 0xf9, 0xff, 0xff, 0x86, 0xff, 0xff, 0xff,
    0xf2, 0x05, 0x00, 0x00, 0x81, 0xf3, 0xff, 0xff, 0xb7, 0xfb, 0xff, 0xff,
    0x93, 0xfa, 0xff, 0xff, 0x1e, 0xf0, 0xff, 0xff, 0x04, 0x00, 0x00, 0x00,
    0x00, 0x01, 0x00, 0x00, 0x97, 0x70, 0x97, 0x0a, 0x0a, 0xb0, 0x4d, 0x16,
    0x46, 0x27, 0xe5, 0x25, 0x8c, 0x42, 0x7f, 0x00, 0x81, 0x78, 0x91, 0x5a,
    0x17, 0xb3, 0x3f, 0x46, 0x41, 0x3e, 0xbf, 0x27, 0xd7, 0xe9, 0x22, 0xa7,
    0x11, 0xc1, 0x7f, 0xc7, 0x2a, 0x23, 0x4d, 0xc3, 0xc5, 0x28, 0x0e, 0x0e,
    0x12, 0xe4, 0xfa, 0x37, 0xb3, 0xe3, 0xf0, 0x25, 0x31, 0xf4, 0x7f, 0x77,
    0xd6, 0x06, 0xf1, 0xf2, 0x4a, 0x54, 0x47, 0x9c, 0x19, 0xcc, 0x5e, 0xc9,
    0x3f, 0x0f, 0x24, 0xed, 0x4c, 0xec, 0x19, 0xf4, 0x68, 0x19, 0xf5, 0x7f,
    0xa7, 0x36, 0x12, 0xea, 0x2a, 0xb1, 0x7f, 0xbf, 0x16, 0xef, 0xf2, 0x58,
    0x9b, 0x16, 0x06, 0x1a, 0x31, 0xf4, 0x77, 0x2f, 0x3d, 0xfe, 0xb1, 0xd9,
    0x9b, 0xb1, 0x4f, 0x14, 0xbb, 0x54, 0xce, 0x7f, 0x7f, 0xbe, 0x7e, 0xf9,
    0x02, 0x54, 0xcc, 0x24, 0x19, 0x9e, 0xde, 0xc5, 0xea, 0x48, 0xe4, 0x31,
    0xf2, 0xe9, 0x0c, 0x8f, 0xb5, 0xd3, 0x56, 0xd9, 0x55, 0xd8, 0xb8, 0x3e,
    0x7f, 0xa1, 0xe9, 0xab, 0x1c, 0x4c, 0x2c, 0x0a, 0xad, 0x4d, 0x44, 0xd4,
    0x6a, 0x1b, 0x04, 0x62, 0x81, 0x0b, 0x4e, 0xdb, 0x2c, 0x71, 0x49, 0xe4,
    0x94, 0x3c, 0x6b, 0xc2, 0xd3, 0xbf, 0x9d, 0xfe, 0x83, 0x7f, 0xe7, 0xd2,
    0x44, 0xae, 0xdf, 0xb5, 0x7f, 0x24, 0xb8, 0x62, 0xa0, 0x9a, 0x22, 0xeb,
    0xb1, 0x55, 0xf6, 0x77, 0xb7, 0xf3, 0xff, 0x74, 0xcc, 0x81, 0xa0, 0xa9,
    0x6a, 0xfc, 0xe5, 0xb5, 0xbb, 0xf6, 0x82, 0x2e, 0x33, 0x54, 0xaa, 0x81,
    0xc3, 0x3b, 0x4b, 0x2a, 0x53, 0xc6, 0x8e, 0xd9, 0xe6, 0x7e, 0x8d, 0xa5,
    0x7f, 0xf2, 0x2d, 0x11, 0x36, 0xfb, 0xf6, 0x38, 0x0a, 0xee, 0xc2, 0xc9,
    0xc6, 0xfe, 0xfd, 0x36, 0xb3, 0xf9, 0x98, 0x9f, 0x81, 0x33, 0x68, 0x04,
    0x00, 0x21, 0x1b, 0x4b, 0x9f, 0x0d, 0x5a, 0x20, 0x2a, 0xf1, 0xff, 0xff,
    0x04, 0x00, 0x00, 0x00, 0x40, 0x00, 0x00, 0x00, 0x0e, 0x00, 0x00, 0x00,
    0x57, 0x01, 0x00, 0x00, 0x7c, 0x00, 0x00, 0x00, 0xf3, 0xfe, 0xff, 0xff,
    0x6f, 0x00, 0x00, 0x00, 0x76, 0xff, 0xff, 0xff, 0x4f, 0x01, 0x00, 0x00,
    0x42, 0x01, 0x00, 0x00, 0x25, 0xff, 0xff, 0xff, 0xa6, 0xfe, 0xff, 0xff,
    0x92, 0xfe, 0xff, 0xff, 0xf0, 0x00, 0x00, 0x00, 0x23, 0xff, 0xff, 0xff,
    0x70, 0xfe, 0xff, 0xff, 0xf6, 0x01, 0x00, 0x00, 0x9c, 0xfe, 0xff, 0xff,
    0x76, 0xf1, 0xff, 0xff, 0x04, 0x00, 0x00, 0x00, 0x10, 0x00, 0x00, 0x00,
    0x4b, 0x13, 0xfa, 0x4f, 0x9c, 0x5d, 0x9a, 0x81, 0xf4, 0x54, 0x55, 0x98,
    0x07, 0x4c, 0xc3, 0x1a, 0x92, 0xf1, 0xff, 0xff, 0x04, 0x00, 0x00, 0x00,
    0x04, 0x00, 0x00, 0x00, 0x46, 0xfd, 0xff, 0xff, 0xa2, 0xf1, 0xff, 0xff,
    0x04, 0x00, 0x00, 0x00, 0x08, 0x00, 0x00, 0x00, 0x01, 0x00, 0x00, 0x00,
    0x02, 0x00, 0x00, 0x00, 0xb6, 0xf1, 0xff, 0xff, 0x04, 0x00, 0x00, 0x00,
    0x04, 0x00, 0x00, 0x00, 0x0c, 0x00, 0x00, 0x00, 0xc6, 0xf1, 0xff, 0xff,
    0x04, 0x00, 0x00, 0x00, 0x08, 0x00, 0x00, 0x00, 0x01, 0x00, 0x00, 0x00,
    0x03, 0x00, 0x00, 0x00, 0xda, 0xf1, 0xff, 0xff, 0x04, 0x00, 0x00, 0x00,
    0x04, 0x00, 0x00, 0x00, 0x08, 0x00, 0x00, 0x00, 0xea, 0xf1, 0xff, 0xff,
    0x04, 0x00, 0x00, 0x00, 0x04, 0x00, 0x00, 0x00, 0x05, 0x00, 0x00, 0x00,
    0xfa, 0xf1, 0xff, 0xff, 0x04, 0x00, 0x00, 0x00, 0x04, 0x00, 0x00, 0x00,
    0x32, 0x00, 0x00, 0x00, 0x0a, 0xf2, 0xff, 0xff, 0x04, 0x00, 0x00, 0x00,
    0x04, 0x00, 0x00, 0x00, 0x01, 0x00, 0x00, 0x00, 0x1a, 0xf2, 0xff, 0xff,
    0x04, 0x00, 0x00, 0x00, 0x04, 0x00, 0x00, 0x00, 0x00, 0x00, 0x00, 0x00,
    0xfc, 0x9f, 0xff, 0xff, 0x00, 0xa0, 0xff, 0xff, 0x0f, 0x00, 0x00, 0x00,
    0x4d, 0x4c, 0x49, 0x52, 0x20, 0x43, 0x6f, 0x6e, 0x76, 0x65, 0x72, 0x74,
    0x65, 0x64, 0x2e, 0x00, 0x01, 0x00, 0x00, 0x00, 0x14, 0x00, 0x00, 0x00,
    0x00, 0x00, 0x0e, 0x00, 0x18, 0x00, 0x14, 0x00, 0x10, 0x00, 0x0c, 0x00,
    0x08, 0x00, 0x04, 0x00, 0x0e, 0x00, 0x00, 0x00, 0x14, 0x00, 0x00, 0x00,
    0x1c, 0x00, 0x00, 0x00, 0x0c, 0x0f, 0x00, 0x00, 0x10, 0x0f, 0x00, 0x00,
    0x14, 0x0f, 0x00, 0x00, 0x04, 0x00, 0x00, 0x00, 0x6d, 0x61, 0x69, 0x6e,
    0x00, 0x00, 0x00, 0x00, 0x45, 0x00, 0x00, 0x00, 0xa8, 0x0e, 0x00, 0x00,
    0x48, 0x0e, 0x00, 0x00, 0xfc, 0x0d, 0x00, 0x00, 0x9c, 0x0d, 0x00, 0x00,
    0x50, 0x0d, 0x00, 0x00, 0x28, 0x0d, 0x00, 0x00, 0xe4, 0x0c, 0x00, 0x00,
    0xb0, 0x0c, 0x00, 0x00, 0x8c, 0x0c, 0x00, 0x00, 0x5c, 0x0c, 0x00, 0x00,
    0x38, 0x0c, 0x00, 0x00, 0x00, 0x0c, 0x00, 0x00, 0xcc, 0x0b, 0x00, 0x00,
    0xa8, 0x0b, 0x00, 0x00, 0x74, 0x0b, 0x00, 0x00, 0x4c, 0x0b, 0x00, 0x00,
    0x18, 0x0b, 0x00, 0x00, 0xe0, 0x0a, 0x00, 0x00, 0x8c, 0x0a, 0x00, 0x00,
    0x4c, 0x0a, 0x00, 0x00, 0x04, 0x0a, 0x00, 0x00, 0xbc, 0x09, 0x00, 0x00,
    0x80, 0x09, 0x00, 0x00, 0x3c, 0x09, 0x00, 0x00, 0x08, 0x09, 0x00, 0x00,
    0xc8, 0x08, 0x00, 0x00, 0x84, 0x08, 0x00, 0x00, 0x5c, 0x08, 0x00, 0x00,
    0x24, 0x08, 0x00, 0x00, 0xf0, 0x07, 0x00, 0x00, 0xcc, 0x07, 0x00, 0x00,
    0x9c, 0x07, 0x00, 0x00, 0x78, 0x07, 0x00, 0x00, 0x40, 0x07, 0x00, 0x00,
    0x0c, 0x07, 0x00, 0x00, 0xe8, 0x06, 0x00, 0x00, 0xb4, 0x06, 0x00, 0x00,
    0x8c, 0x06, 0x00, 0x00, 0x58, 0x06, 0x00, 0x00, 0x20, 0x06, 0x00, 0x00,
    0xdc, 0x05, 0x00, 0x00, 0x9c, 0x05, 0x00, 0x00, 0x60, 0x05, 0x00, 0x00,
    0x28, 0x05, 0x00, 0x00, 0xec, 0x04, 0x00, 0x00, 0xa8, 0x04, 0x00, 0x00,
    0x74, 0x04, 0x00, 0x00, 0x34, 0x04, 0x00, 0x00, 0xf0, 0x03, 0x00, 0x00,
    0xc8, 0x03, 0x00, 0x00, 0x90, 0x03, 0x00, 0x00, 0x5c, 0x03, 0x00, 0x00,
    0x38, 0x03, 0x00, 0x00, 0x08, 0x03, 0x00, 0x00, 0xe4, 0x02, 0x00, 0x00,
    0xac, 0x02, 0x00, 0x00, 0x78, 0x02, 0x00, 0x00, 0x54, 0x02, 0x00, 0x00,
    0x20, 0x02, 0x00, 0x00, 0xf8, 0x01, 0x00, 0x00, 0xc4, 0x01, 0x00, 0x00,
    0x8c, 0x01, 0x00, 0x00, 0x48, 0x01, 0x00, 0x00, 0x08, 0x01, 0x00, 0x00,
    0xcc, 0x00, 0x00, 0x00, 0x94, 0x00, 0x00, 0x00, 0x60, 0x00, 0x00, 0x00,
    0x28, 0x00, 0x00, 0x00, 0x04, 0x00, 0x00, 0x00, 0xe2, 0xf3, 0xff, 0xff,
    0x0c, 0x00, 0x00, 0x00, 0x10, 0x00, 0x00, 0x00, 0x10, 0x00, 0x00, 0x00,
    0x01, 0x00, 0x00, 0x00, 0x6e, 0x00, 0x00, 0x00, 0x01, 0x00, 0x00, 0x00,
    0x6d, 0x00, 0x00, 0x00, 0xf6, 0xf2, 0xff, 0xff, 0x14, 0x00, 0x00, 0x00,
    0x00, 0x00, 0x00, 0x08, 0x10, 0x00, 0x00, 0x00, 0x14, 0x00, 0x00, 0x00,
    0x0f, 0x00, 0x00, 0x00, 0xa4, 0xa1, 0xff, 0xff, 0x01, 0x00, 0x00, 0x00,
    0x6d, 0x00, 0x00, 0x00, 0x03, 0x00, 0x00, 0x00, 0x6c, 0x00, 0x00, 0x00,
    0x0a, 0x00, 0x00, 0x00, 0x09, 0x00, 0x00, 0x00, 0x2a, 0xf3, 0xff, 0xff,
    0x14, 0x00, 0x00, 0x00, 0x00, 0x00, 0x00, 0x1b, 0x10, 0x00, 0x00, 0x00,
    0x14, 0x00, 0x00, 0x00, 0x06, 0x00, 0x00, 0x00, 0xd8, 0xa1, 0xff, 0xff,
    0x01, 0x00, 0x00, 0x00, 0x6c, 0x00, 0x00, 0x00, 0x02, 0x00, 0x00, 0x00,
    0x6b, 0x00, 0x00, 0x00, 0x08, 0x00, 0x00, 0x00, 0x5a, 0xf3, 0xff, 0xff,
    0x14, 0x00, 0x00, 0x00, 0x00, 0x00, 0x00, 0x0b, 0x14, 0x00, 0x00, 0x00,
    0x18, 0x00, 0x00, 0x00, 0x0b, 0x00, 0x00, 0x00, 0x92, 0xf3, 0xff, 0xff,
    0x00, 0x00, 0x00, 0x01, 0x01, 0x00, 0x00, 0x00, 0x6b, 0x00, 0x00, 0x00,
    0x02, 0x00, 0x00, 0x00, 0x56, 0x00, 0x00, 0x00, 0x6a, 0x00, 0x00, 0x00,
    0x32, 0xf3, 0xff, 0xff, 0x10, 0x00, 0x00, 0x00, 0x00, 0x00, 0x00, 0x01,
    0x14, 0x00, 0x00, 0x00, 0x18, 0x00, 0x00, 0x00, 0x76, 0xf7, 0xff, 0xff,
    0x01, 0x00, 0x00, 0x00, 0x01, 0x00, 0x00, 0x00, 0x01, 0x00, 0x00, 0x00,
    0x6a, 0x00, 0x00, 0x00, 0x03, 0x00, 0x00, 0x00, 0x69, 0x00, 0x00, 0x00,
    0x0c, 0x00, 0x00, 0x00, 0x0b, 0x00, 0x00, 0x00, 0x6a, 0xf3, 0xff, 0xff,
    0x10, 0x00, 0x00, 0x00, 0x00, 0x00, 0x00, 0x01, 0x18, 0x00, 0x00, 0x00,
    0x1c, 0x00, 0x00, 0x00, 0x5c, 0xf3, 0xff, 0xff, 0x00, 0x00, 0x00, 0x01,
    0x01, 0x00, 0x00, 0x00, 0x01, 0x00, 0x00, 0x00, 0x01, 0x00, 0x00, 0x00,
    0x69, 0x00, 0x00, 0x00, 0x03, 0x00, 0x00, 0x00, 0x68, 0x00, 0x00, 0x00,
    0x0e, 0x00, 0x00, 0x00, 0x0d, 0x00, 0x00, 0x00, 0x02, 0xf4, 0xff, 0xff,
    0x14, 0x00, 0x00, 0x00, 0x00, 0x00, 0x00, 0x05, 0x24, 0x00, 0x00, 0x00,
    0x28, 0x00, 0x00, 0x00, 0x0e, 0x00, 0x00, 0x00, 0x6a, 0xf7, 0xff, 0xff,
    0x01, 0x00, 0x00, 0x00, 0x28, 0x00, 0x00, 0x00, 0x01, 0x00, 0x00, 0x00,
    0x28, 0x00, 0x00, 0x00, 0x00, 0x00, 0x00, 0x01, 0x01, 0x00, 0x00, 0x00,
    0x68, 0x00, 0x00, 0x00, 0x01, 0x00, 0x00, 0x00, 0x67, 0x00, 0x00, 0x00,
    0x42, 0xf4, 0xff, 0xff, 0x14, 0x00, 0x00, 0x00, 0x00, 0x00, 0x00, 0x0b,
    0x14, 0x00, 0x00, 0x00, 0x18, 0x00, 0x00, 0x00, 0x0b, 0x00, 0x00, 0x00,
    0x7a, 0xf4, 0xff, 0xff, 0x00, 0x00, 0x00, 0x01, 0x01, 0x00, 0x00, 0x00,
    0x67, 0x00, 0x00, 0x00, 0x02, 0x00, 0x00, 0x00, 0x66, 0x00, 0x00, 0x00,
    0x0f, 0x00, 0x00, 0x00, 0x76, 0xf4, 0xff, 0xff, 0x14, 0x00, 0x00, 0x00,
    0x00, 0x00, 0x00, 0x15, 0x10, 0x00, 0x00, 0x00, 0x14, 0x00, 0x00, 0x00,
    0x0d, 0x00, 0x00, 0x00, 0x24, 0xa3, 0xff, 0xff, 0x01, 0x00, 0x00, 0x00,
    0x66, 0x00, 0x00, 0x00, 0x02, 0x00, 0x00, 0x00, 0x65, 0x00, 0x00, 0x00,
    0x10, 0x00, 0x00, 0x00, 0xb2, 0xf5, 0xff, 0xff, 0x0c, 0x00, 0x00, 0x00,
    0x10, 0x00, 0x00, 0x00, 0x05, 0x00, 0x00, 0x00, 0x01, 0x00, 0x00, 0x00,
    0x65, 0x00, 0x00, 0x00, 0x02, 0x00, 0x00, 0x00, 0x64, 0x00, 0x00, 0x00,
    0x58, 0x00, 0x00, 0x00, 0xca, 0xf4, 0xff, 0xff, 0x14, 0x00, 0x00, 0x00,
    0x00, 0x00, 0x00, 0x15, 0x10, 0x00, 0x00, 0x00, 0x14, 0x00, 0x00, 0x00,
    0x0d, 0x00, 0x00, 0x00, 0x78, 0xa3, 0xff, 0xff, 0x01, 0x00, 0x00, 0x00,
    0x64, 0x00, 0x00, 0x00, 0x02, 0x00, 0x00, 0x00, 0x5d, 0x00, 0x00, 0x00,
    0x63, 0x00, 0x00, 0x00, 0x06, 0xf6, 0xff, 0xff, 0x0c, 0x00, 0x00, 0x00,
    0x10, 0x00, 0x00, 0x00, 0x0c, 0x00, 0x00, 0x00, 0x01, 0x00, 0x00, 0x00,
    0x63, 0x00, 0x00, 0x00, 0x01, 0x00, 0x00, 0x00, 0x62, 0x00, 0x00, 0x00,
    0x1a, 0xf5, 0xff, 0xff, 0x14, 0x00, 0x00, 0x00, 0x00, 0x00, 0x00, 0x0b,
    0x10, 0x00, 0x00, 0x00, 0x14, 0x00, 0x00, 0x00, 0x0b, 0x00, 0x00, 0x00,
    0xc8, 0xa3, 0xff, 0xff, 0x01, 0x00, 0x00, 0x00, 0x62, 0x00, 0x00, 0x00,
    0x02, 0x00, 0x00, 0x00, 0x61, 0x00, 0x00, 0x00, 0x24, 0x00, 0x00, 0x00,
    0x4a, 0xf5, 0xff, 0xff, 0x14, 0x00, 0x00, 0x00, 0x00, 0x00, 0x00, 0x1b,
    0x14, 0x00, 0x00, 0x00, 0x18, 0x00, 0x00, 0x00, 0x06, 0x00, 0x00, 0x00,
    0x82, 0xf5, 0xff, 0xff, 0x00, 0x00, 0x00, 0x01, 0x01, 0x00, 0x00, 0x00,
    0x61, 0x00, 0x00, 0x00, 0x02, 0x00, 0x00, 0x00, 0x60, 0x00, 0x00, 0x00,
    0x06, 0x00, 0x00, 0x00, 0x8a, 0xf6, 0xff, 0xff, 0x0c, 0x00, 0x00, 0x00,
    0x10, 0x00, 0x00, 0x00, 0x0a, 0x00, 0x00, 0x00, 0x01, 0x00, 0x00, 0x00,
    0x60, 0x00, 0x00, 0x00, 0x01, 0x00, 0x00, 0x00, 0x5f, 0x00, 0x00, 0x00,
    0x9e, 0xf5, 0xff, 0xff, 0x14, 0x00, 0x00, 0x00, 0x00, 0x00, 0x00, 0x42,
    0x10, 0x00, 0x00, 0x00, 0x14, 0x00, 0x00, 0x00, 0x09, 0x00, 0x00, 0x00,
    0x4c, 0xa4, 0xff, 0xff, 0x01, 0x00, 0x00, 0x00, 0x5f, 0x00, 0x00, 0x00,
    0x01, 0x00, 0x00, 0x00, 0x5e, 0x00, 0x00, 0x00, 0xd6, 0xf6, 0xff, 0xff,
    0x0c, 0x00, 0x00, 0x00, 0x10, 0x00, 0x00, 0x00, 0x08, 0x00, 0x00, 0x00,
    0x01, 0x00, 0x00, 0x00, 0x5e, 0x00, 0x00, 0x00, 0x01, 0x00, 0x00, 0x00,
    0x5d, 0x00, 0x00, 0x00, 0xea, 0xf5, 0xff, 0xff, 0x14, 0x00, 0x00, 0x00,
    0x00, 0x00, 0x00, 0x1c, 0x10, 0x00, 0x00, 0x00, 0x14, 0x00, 0x00, 0x00,
    0x07, 0x00, 0x00, 0x00, 0x98, 0xa4, 0xff, 0xff, 0x01, 0x00, 0x00, 0x00,
    0x5d, 0x00, 0x00, 0x00, 0x02, 0x00, 0x00, 0x00, 0x5b, 0x00, 0x00, 0x00,
    0x5c, 0x00, 0x00, 0x00, 0x1a, 0xf6, 0xff, 0xff, 0x14, 0x00, 0x00, 0x00,
    0x00, 0x00, 0x00, 0x1b, 0x14, 0x00, 0x00, 0x00, 0x18, 0x00, 0x00, 0x00,
    0x06, 0x00, 0x00, 0x00, 0x52, 0xf6, 0xff, 0xff, 0x00, 0x00, 0x00, 0x01,
    0x01, 0x00, 0x00, 0x00, 0x5c, 0x00, 0x00, 0x00, 0x02, 0x00, 0x00, 0x00,
    0x5b, 0x00, 0x00, 0x00, 0x06, 0x00, 0x00, 0x00, 0x5a, 0xf7, 0xff, 0xff,
    0x0c, 0x00, 0x00, 0x00, 0x10, 0x00, 0x00, 0x00, 0x05, 0x00, 0x00, 0x00,
    0x01, 0x00, 0x00, 0x00, 0x5b, 0x00, 0x00, 0x00, 0x02, 0x00, 0x00, 0x00,
    0x57, 0x00, 0x00, 0x00, 0x5a, 0x00, 0x00, 0x00, 0x72, 0xf6, 0xff, 0xff,
    0x14, 0x00, 0x00, 0x00, 0x00, 0x00, 0x00, 0x3b, 0x14, 0x00, 0x00, 0x00,
    0x18, 0x00, 0x00, 0x00, 0x04, 0x00, 0x00, 0x00, 0x4e, 0xf7, 0xff, 0xff,
    0x05, 0x00, 0x00, 0x00, 0x01, 0x00, 0x00, 0x00, 0x5a, 0x00, 0x00, 0x00,
    0x05, 0x00, 0x00, 0x00, 0x59, 0x00, 0x00, 0x00, 0x03, 0x00, 0x00, 0x00,
    0x04, 0x00, 0x00, 0x00, 0x05, 0x00, 0x00, 0x00, 0x07, 0x00, 0x00, 0x00,
    0xb2, 0xf6, 0xff, 0xff, 0x14, 0x00, 0x00, 0x00, 0x00, 0x00, 0x00, 0x20,
    0x14, 0x00, 0x00, 0x00, 0x18, 0x00, 0x00, 0x00, 0x03, 0x00, 0x00, 0x00,
    0x46, 0xf7, 0xff, 0xff, 0x01, 0x00, 0x00, 0x00, 0x01, 0x00, 0x00, 0x00,
    0x59, 0x00, 0x00, 0x00, 0x04, 0x00, 0x00, 0x00, 0x58, 0x00, 0x00, 0x00,
    0x01, 0x00, 0x00, 0x00, 0x02, 0x00, 0x00, 0x00, 0x02, 0x00, 0x00, 0x00,
    0xee, 0xf6, 0xff, 0xff, 0x14, 0x00, 0x00, 0x00, 0x00, 0x00, 0x00, 0x37,
    0x14, 0x00, 0x00, 0x00, 0x18, 0x00, 0x00, 0x00, 0x02, 0x00, 0x00, 0x00,
    0x26, 0xf7, 0xff, 0xff, 0x00, 0x00, 0x00, 0x02, 0x01, 0x00, 0x00, 0x00,
    0x58, 0x00, 0x00, 0x00, 0x01, 0x00, 0x00, 0x00, 0x57, 0x00, 0x00, 0x00,
    0x1e, 0xf7, 0xff, 0xff, 0x14, 0x00, 0x00, 0x00, 0x00, 0x00, 0x00, 0x02,
    0x1c, 0x00, 0x00, 0x00, 0x20, 0x00, 0x00, 0x00, 0x01, 0x00, 0x00, 0x00,
    0x10, 0xf7, 0xff, 0xff, 0x01, 0x00, 0x00, 0x00, 0x01, 0x00, 0x00, 0x00,
    0x01, 0x00, 0x00, 0x00, 0x01, 0x00, 0x00, 0x00, 0x57, 0x00, 0x00, 0x00,
    0x03, 0x00, 0x00, 0x00, 0x55, 0x00, 0x00, 0x00, 0x12, 0x00, 0x00, 0x00,
    0x11, 0x00, 0x00, 0x00, 0x02, 0xf7, 0xff, 0xff, 0x10, 0x00, 0x00, 0x00,
    0x00, 0x00, 0x00, 0x01, 0x14, 0x00, 0x00, 0x00, 0x18, 0x00, 0x00, 0x00,
    0x46, 0xfb, 0xff, 0xff, 0x01, 0x00, 0x00, 0x00, 0x01, 0x00, 0x00, 0x00,
    0x01, 0x00, 0x00, 0x00, 0x56, 0x00, 0x00, 0x00, 0x03, 0x00, 0x00, 0x00,
    0x55, 0x00, 0x00, 0x00, 0x14, 0x00, 0x00, 0x00, 0x13, 0x00, 0x00, 0x00,
    0x96, 0xf7, 0xff, 0xff, 0x14, 0x00, 0x00, 0x00, 0x00, 0x00, 0x00, 0x0b,
    0x14, 0x00, 0x00, 0x00, 0x18, 0x00, 0x00, 0x00, 0x0b, 0x00, 0x00, 0x00,
    0xce, 0xf7, 0xff, 0xff, 0x00, 0x00, 0x00, 0x01, 0x01, 0x00, 0x00, 0x00,
    0x55, 0x00, 0x00, 0x00, 0x02, 0x00, 0x00, 0x00, 0x40, 0x00, 0x00, 0x00,
    0x54, 0x00, 0x00, 0x00, 0x6e, 0xf7, 0xff, 0xff, 0x10, 0x00, 0x00, 0x00,
    0x00, 0x00, 0x00, 0x01, 0x14, 0x00, 0x00, 0x00, 0x18, 0x00, 0x00, 0x00,
    0xb2, 0xfb, 0xff, 0xff, 0x01, 0x00, 0x00, 0x00, 0x01, 0x00, 0x00, 0x00,
    0x01, 0x00, 0x00, 0x00, 0x54, 0x00, 0x00, 0x00, 0x03, 0x00, 0x00, 0x00,
    0x53, 0x00, 0x00, 0x00, 0x16, 0x00, 0x00, 0x00, 0x15, 0x00, 0x00, 0x00,
    0xa6, 0xf7, 0xff, 0xff, 0x10, 0x00, 0x00, 0x00, 0x00, 0x00, 0x00, 0x01,
    0x18, 0x00, 0x00, 0x00, 0x1c, 0x00, 0x00, 0x00, 0x98, 0xf7, 0xff, 0xff,
    0x00, 0x00, 0x00, 0x01, 0x01, 0x00, 0x00, 0x00, 0x01, 0x00, 0x00, 0x00,
    0x01, 0x00, 0x00, 0x00, 0x53, 0x00, 0x00, 0x00, 0x03, 0x00, 0x00, 0x00,
    0x52, 0x00, 0x00, 0x00, 0x18, 0x00, 0x00, 0x00, 0x17, 0x00, 0x00, 0x00,
    0x3e, 0xf8, 0xff, 0xff, 0x14, 0x00, 0x00, 0x00, 0x00, 0x00, 0x00, 0x05,
    0x24, 0x00, 0x00, 0x00, 0x28, 0x00, 0x00, 0x00, 0x0e, 0x00, 0x00, 0x00,
    0xa6, 0xfb, 0xff, 0xff, 0x01, 0x00, 0x00, 0x00, 0x28, 0x00, 0x00, 0x00,
    0x01, 0x00, 0x00, 0x00, 0x28, 0x00, 0x00, 0x00, 0x00, 0x00, 0x00, 0x01,
    0x01, 0x00, 0x00, 0x00, 0x52, 0x00, 0x00, 0x00, 0x01, 0x00, 0x00, 0x00,
    0x51, 0x00, 0x00, 0x00, 0x7e, 0xf8, 0xff, 0xff, 0x14, 0x00, 0x00, 0x00,
    0x00, 0x00, 0x00, 0x0b, 0x14, 0x00, 0x00, 0x00, 0x18, 0x00, 0x00, 0x00,
    0x0b, 0x00, 0x00, 0x00, 0xb6, 0xf8, 0xff, 0xff, 0x00, 0x00, 0x00, 0x01,
    0x01, 0x00, 0x00, 0x00, 0x51, 0x00, 0x00, 0x00, 0x02, 0x00, 0x00, 0x00,
    0x50, 0x00, 0x00, 0x00, 0x19, 0x00, 0x00, 0x00, 0xb2, 0xf8, 0xff, 0xff,
    0x14, 0x00, 0x00, 0x00, 0x00, 0x00, 0x00, 0x15, 0x10, 0x00, 0x00, 0x00,
    0x14, 0x00, 0x00, 0x00, 0x0d, 0x00, 0x00, 0x00, 0x60, 0xa7, 0xff, 0xff,
    0x01, 0x00, 0x00, 0x00, 0x50, 0x00, 0x00, 0x00, 0x02, 0x00, 0x00, 0x00,
    0x4f, 0x00, 0x00, 0x00, 0x1a, 0x00, 0x00, 0x00, 0xee, 0xf9, 0xff, 0xff,
    0x0c, 0x00, 0x00, 0x00, 0x10, 0x00, 0x00, 0x00, 0x05, 0x00, 0x00, 0x00,
    0x01, 0x00, 0x00, 0x00, 0x4f, 0x00, 0x00, 0x00, 0x02, 0x00, 0x00, 0x00,
    0x4e, 0x00, 0x00, 0x00, 0x42, 0x00, 0x00, 0x00, 0x06, 0xf9, 0xff, 0xff,
    0x14, 0x00, 0x00, 0x00, 0x00, 0x00, 0x00, 0x15, 0x10, 0x00, 0x00, 0x00,
    0x14, 0x00, 0x00, 0x00, 0x0d, 0x00, 0x00, 0x00, 0xb4, 0xa7, 0xff, 0xff,
    0x01, 0x00, 0x00, 0x00, 0x4e, 0x00, 0x00, 0x00, 0x02, 0x00, 0x00, 0x00,
    0x47, 0x00, 0x00, 0x00, 0x4d, 0x00, 0x00, 0x00, 0x42, 0xfa, 0xff, 0xff,
    0x0c, 0x00, 0x00, 0x00, 0x10, 0x00, 0x00, 0x00, 0x0c, 0x00, 0x00, 0x00,
    0x01, 0x00, 0x00, 0x00, 0x4d, 0x00, 0x00, 0x00, 0x01, 0x00, 0x00, 0x00,
    0x4c, 0x00, 0x00, 0x00, 0x56, 0xf9, 0xff, 0xff, 0x14, 0x00, 0x00, 0x00,
    0x00, 0x00, 0x00, 0x0b, 0x10, 0x00, 0x00, 0x00, 0x14, 0x00, 0x00, 0x00,
    0x0b, 0x00, 0x00, 0x00, 0x04, 0xa8, 0xff, 0xff, 0x01, 0x00, 0x00, 0x00,
    0x4c, 0x00, 0x00, 0x00, 0x02, 0x00, 0x00, 0x00, 0x4b, 0x00, 0x00, 0x00,
    0x24, 0x00, 0x00, 0x00, 0x86, 0xf9, 0xff, 0xff, 0x14, 0x00, 0x00, 0x00,
    0x00, 0x00, 0x00, 0x1b, 0x14, 0x00, 0x00, 0x00, 0x18, 0x00, 0x00, 0x00,
    0x06, 0x00, 0x00, 0x00, 0xbe, 0xf9, 0xff, 0xff, 0x00, 0x00, 0x00, 0x01,
    0x01, 0x00, 0x00, 0x00, 0x4b, 0x00, 0x00, 0x00, 0x02, 0x00, 0x00, 0x00,
    0x4a, 0x00, 0x00, 0x00, 0x06, 0x00, 0x00, 0x00, 0xc6, 0xfa, 0xff, 0xff,
    0x0c, 0x00, 0x00, 0x00, 0x10, 0x00, 0x00, 0x00, 0x0a, 0x00, 0x00, 0x00,
    0x01, 0x00, 0x00, 0x00, 0x4a, 0x00, 0x00, 0x00, 0x01, 0x00, 0x00, 0x00,
    0x49, 0x00, 0x00, 0x00, 0xda, 0xf9, 0xff, 0xff, 0x14, 0x00, 0x00, 0x00,
    0x00, 0x00, 0x00, 0x42, 0x10, 0x00, 0x00, 0x00, 0x14, 0x00, 0x00, 0x00,
    0x09, 0x00, 0x00, 0x00, 0x88, 0xa8, 0xff, 0xff, 0x01, 0x00, 0x00, 0x00,
    0x49, 0x00, 0x00, 0x00, 0x01, 0x00, 0x00, 0x00, 0x48, 0x00, 0x00, 0x00,
    0x12, 0xfb, 0xff, 0xff, 0x0c, 0x00, 0x00, 0x00, 0x10, 0x00, 0x00, 0x00,
    0x08, 0x00, 0x00, 0x00, 0x01, 0x00, 0x00, 0x00, 0x48, 0x00, 0x00, 0x00,
    0x01, 0x00, 0x00, 0x00, 0x47, 0x00, 0x00, 0x00, 0x26, 0xfa, 0xff, 0xff,
    0x14, 0x00, 0x00, 0x00, 0x00, 0x00, 0x00, 0x1c, 0x10, 0x00, 0x00, 0x00,
    0x14, 0x00, 0x00, 0x00, 0x07, 0x00, 0x00, 0x00, 0xd4, 0xa8, 0xff, 0xff,
    0x01, 0x00, 0x00, 0x00, 0x47, 0x00, 0x00, 0x00, 0x02, 0x00, 0x00, 0x00,
    0x45, 0x00, 0x00, 0x00, 0x46, 0x00, 0x00, 0x00, 0x56, 0xfa, 0xff, 0xff,
    0x14, 0x00, 0x00, 0x00, 0x00, 0x00, 0x00, 0x1b, 0x14, 0x00, 0x00, 0x00,
    0x18, 0x00, 0x00, 0x00, 0x06, 0x00, 0x00, 0x00, 0x8e, 0xfa, 0xff, 0xff,
    0x00, 0x00, 0x00, 0x01, 0x01, 0x00, 0x00, 0x00, 0x46, 0x00, 0x00, 0x00,
    0x02, 0x00, 0x00, 0x00, 0x45, 0x00, 0x00, 0x00, 0x06, 0x00, 0x00, 0x00,
    0x96, 0xfb, 0xff, 0xff, 0x0c, 0x00, 0x00, 0x00, 0x10, 0x00, 0x00, 0x00,
    0x05, 0x00, 0x00, 0x00, 0x01, 0x00, 0x00, 0x00, 0x45, 0x00, 0x00, 0x00,
    0x02, 0x00, 0x00, 0x00, 0x41, 0x00, 0x00, 0x00, 0x44, 0x00, 0x00, 0x00,
    0xae, 0xfa, 0xff, 0xff, 0x14, 0x00, 0x00, 0x00, 0x00, 0x00, 0x00, 0x3b,
    0x14, 0x00, 0x00, 0x00, 0x18, 0x00, 0x00, 0x00, 0x04, 0x00, 0x00, 0x00,
    0x8a, 0xfb, 0xff, 0xff, 0x05, 0x00, 0x00, 0x00, 0x01, 0x00, 0x00, 0x00,
    0x44, 0x00, 0x00, 0x00, 0x05, 0x00, 0x00, 0x00, 0x43, 0x00, 0x00, 0x00,
    0x03, 0x00, 0x00, 0x00, 0x04, 0x00, 0x00, 0x00, 0x05, 0x00, 0x00, 0x00,
    0x05, 0x00, 0x00, 0x00, 0xee, 0xfa, 0xff, 0xff, 0x14, 0x00, 0x00, 0x00,
    0x00, 0x00, 0x00, 0x20, 0x14, 0x00, 0x00, 0x00, 0x18, 0x00, 0x00, 0x00,
    0x03, 0x00, 0x00, 0x00, 0x82, 0xfb, 0xff, 0xff, 0x01, 0x00, 0x00, 0x00,
    0x01, 0x00, 0x00, 0x00, 0x43, 0x00, 0x00, 0x00, 0x04, 0x00, 0x00, 0x00,
    0x42, 0x00, 0x00, 0x00, 0x01, 0x00, 0x00, 0x00, 0x02, 0x00, 0x00, 0x00,
    0x02, 0x00, 0x00, 0x00, 0x2a, 0xfb, 0xff, 0xff, 0x14, 0x00, 0x00, 0x00,
    0x00, 0x00, 0x00, 0x37, 0x14, 0x00, 0x00, 0x00, 0x18, 0x00, 0x00, 0x00,
    0x02, 0x00, 0x00, 0x00, 0x62, 0xfb, 0xff, 0xff, 0x00, 0x00, 0x00, 0x02,
    0x01, 0x00, 0x00, 0x00, 0x42, 0x00, 0x00, 0x00, 0x01, 0x00, 0x00, 0x00,
    0x41, 0x00, 0x00, 0x00, 0x5a, 0xfb, 0xff, 0xff, 0x14, 0x00, 0x00, 0x00,
    0x00, 0x00, 0x00, 0x02, 0x1c, 0x00, 0x00, 0x00, 0x20, 0x00, 0x00, 0x00,
    0x01, 0x00, 0x00, 0x00, 0x4c, 0xfb, 0xff, 0xff, 0x01, 0x00, 0x00, 0x00,
    0x01, 0x00, 0x00, 0x00, 0x01, 0x00, 0x00, 0x00, 0x01, 0x00, 0x00, 0x00,
    0x41, 0x00, 0x00, 0x00, 0x03, 0x00, 0x00, 0x00, 0x3f, 0x00, 0x00, 0x00,
    0x1b, 0x00, 0x00, 0x00, 0x26, 0x00, 0x00, 0x00, 0x3e, 0xfb, 0xff, 0xff,
    0x10, 0x00, 0x00, 0x00, 0x00, 0x00, 0x00, 0x01, 0x14, 0x00, 0x00, 0x00,
    0x18, 0x00, 0x00, 0x00, 0x82, 0xff, 0xff, 0xff, 0x01, 0x00, 0x00, 0x00,
    0x01, 0x00, 0x00, 0x00, 0x01, 0x00, 0x00, 0x00, 0x40, 0x00, 0x00, 0x00,
    0x03, 0x00, 0x00, 0x00, 0x3f, 0x00, 0x00, 0x00, 0x1d, 0x00, 0x00, 0x00,
    0x1c, 0x00, 0x00, 0x00, 0xd2, 0xfb, 0xff, 0xff, 0x14, 0x00, 0x00, 0x00,
    0x00, 0x00, 0x00, 0x0b, 0x14, 0x00, 0x00, 0x00, 0x18, 0x00, 0x00, 0x00,
    0x0b, 0x00, 0x00, 0x00, 0x0a, 0xfc, 0xff, 0xff, 0x00, 0x00, 0x00, 0x01,
    0x01, 0x00, 0x00, 0x00, 0x3f, 0x00, 0x00, 0x00, 0x02, 0x00, 0x00, 0x00,
    0x2a, 0x00, 0x00, 0x00, 0x3e, 0x00, 0x00, 0x00, 0x00, 0x00, 0x0e, 0x00,
    0x16, 0x00, 0x00, 0x00, 0x10, 0x00, 0x0c, 0x00, 0x0b, 0x00, 0x04, 0x00,
    0x0e, 0x00, 0x00, 0x00, 0x1c, 0x00, 0x00, 0x00, 0x00, 0x00, 0x00, 0x01,
    0x20, 0x00, 0x00, 0x00, 0x24, 0x00, 0x00, 0x00, 0x00, 0x00, 0x0a, 0x00,
    0x0c, 0x00, 0x00, 0x00, 0x08, 0x00, 0x04, 0x00, 0x0a, 0x00, 0x00, 0x00,
    0x01, 0x00, 0x00, 0x00, 0x01, 0x00, 0x00, 0x00, 0x01, 0x00, 0x00, 0x00,
    0x3e, 0x00, 0x00, 0x00, 0x03, 0x00, 0x00, 0x00, 0x3d, 0x00, 0x00, 0x00,
    0x1f, 0x00, 0x00, 0x00, 0x1e, 0x00, 0x00, 0x00, 0xfe, 0xfb, 0xff, 0xff,
    0x10, 0x00, 0x00, 0x00, 0x00, 0x00, 0x00, 0x01, 0x18, 0x00, 0x00, 0x00,
    0x1c, 0x00, 0x00, 0x00, 0xf0, 0xfb, 0xff, 0xff, 0x00, 0x00, 0x00, 0x01,
    0x01, 0x00, 0x00, 0x00, 0x01, 0x00, 0x00, 0x00, 0x01, 0x00, 0x00, 0x00,
    0x3d, 0x00, 0x00, 0x00, 0x03, 0x00, 0x00, 0x00, 0x3c, 0x00, 0x00, 0x00,
    0x21, 0x00, 0x00, 0x00, 0x20, 0x00, 0x00, 0x00, 0xde, 0xfc, 0xff, 0xff,
    0x24, 0x00, 0x00, 0x00, 0x00, 0x00, 0x00, 0x05, 0x34, 0x00, 0x00, 0x00,
    0x38, 0x00, 0x00, 0x00, 0x0e, 0x00, 0x00, 0x00, 0x00, 0x00, 0x0e, 0x00,
    0x18, 0x00, 0x17, 0x00, 0x10, 0x00, 0x0c, 0x00, 0x08, 0x00, 0x04, 0x00,
    0x0e, 0x00, 0x00, 0x00, 0x01, 0x00, 0x00, 0x00, 0x28, 0x00, 0x00, 0x00,
    0x01, 0x00, 0x00, 0x00, 0x28, 0x00, 0x00, 0x00, 0x00, 0x00, 0x00, 0x01,
    0x01, 0x00, 0x00, 0x00, 0x3c, 0x00, 0x00, 0x00, 0x01, 0x00, 0x00, 0x00,
    0x3b, 0x00, 0x00, 0x00, 0xe6, 0xfc, 0xff, 0xff, 0x14, 0x00, 0x00, 0x00,
    0x00, 0x00, 0x00, 0x0b, 0x14, 0x00, 0x00, 0x00, 0x18, 0x00, 0x00, 0x00,
    0x0b, 0x00, 0x00, 0x00, 0x1e, 0xfd, 0xff, 0xff, 0x00, 0x00, 0x00, 0x01,
    0x01, 0x00, 0x00, 0x00, 0x3b, 0x00, 0x00, 0x00, 0x02, 0x00, 0x00, 0x00,
    0x3a, 0x00, 0x00, 0x00, 0x22, 0x00, 0x00, 0x00, 0x1a, 0xfd, 0xff, 0xff,
    0x14, 0x00, 0x00, 0x00, 0x00, 0x00, 0x00, 0x15, 0x10, 0x00, 0x00, 0x00,
    0x14, 0x00, 0x00, 0x00, 0x0d, 0x00, 0x00, 0x00, 0xc8, 0xab, 0xff, 0xff,
    0x01, 0x00, 0x00, 0x00, 0x3a, 0x00, 0x00, 0x00, 0x02, 0x00, 0x00, 0x00,
    0x39, 0x00, 0x00, 0x00, 0x23, 0x00, 0x00, 0x00, 0x56, 0xfe, 0xff, 0xff,
    0x0c, 0x00, 0x00, 0x00, 0x10, 0x00, 0x00, 0x00, 0x05, 0x00, 0x00, 0x00,
    0x01, 0x00, 0x00, 0x00, 0x39, 0x00, 0x00, 0x00, 0x02, 0x00, 0x00, 0x00,
    0x38, 0x00, 0x00, 0x00, 0x2c, 0x00, 0x00, 0x00, 0x6e, 0xfd, 0xff, 0xff,
    0x14, 0x00, 0x00, 0x00, 0x00, 0x00, 0x00, 0x15, 0x10, 0x00, 0x00, 0x00,
    0x14, 0x00, 0x00, 0x00, 0x0d, 0x00, 0x00, 0x00, 0x1c, 0xac, 0xff, 0xff,
    0x01, 0x00, 0x00, 0x00, 0x38, 0x00, 0x00, 0x00, 0x02, 0x00, 0x00, 0x00,
    0x31, 0x00, 0x00, 0x00, 0x37, 0x00, 0x00, 0x00, 0xaa, 0xfe, 0xff, 0xff,
    0x0c, 0x00, 0x00, 0x00, 0x10, 0x00, 0x00, 0x00, 0x0c, 0x00, 0x00, 0x00,
    0x01, 0x00, 0x00, 0x00, 0x37, 0x00, 0x00, 0x00, 0x01, 0x00, 0x00, 0x00,
    0x36, 0x00, 0x00, 0x00, 0xbe, 0xfd, 0xff, 0xff, 0x14, 0x00, 0x00, 0x00,
    0x00, 0x00, 0x00, 0x0b, 0x10, 0x00, 0x00, 0x00, 0x14, 0x00, 0x00, 0x00,
    0x0b, 0x00, 0x00, 0x00, 0x6c, 0xac, 0xff, 0xff, 0x01, 0x00, 0x00, 0x00,
    0x36, 0x00, 0x00, 0x00, 0x02, 0x00, 0x00, 0x00, 0x35, 0x00, 0x00, 0x00,
    0x24, 0x00, 0x00, 0x00, 0xee, 0xfd, 0xff, 0xff, 0x14, 0x00, 0x00, 0x00,
    0x00, 0x00, 0x00, 0x1b, 0x14, 0x00, 0x00, 0x00, 0x18, 0x00, 0x00, 0x00,
    0x06, 0x00, 0x00, 0x00, 0x26, 0xfe, 0xff, 0xff, 0x00, 0x00, 0x00, 0x01,
    0x01, 0x00, 0x00, 0x00, 0x35, 0x00, 0x00, 0x00, 0x02, 0x00, 0x00, 0x00,
    0x34, 0x00, 0x00, 0x00, 0x06, 0x00, 0x00, 0x00, 0x2e, 0xff, 0xff, 0xff,
    0x0c, 0x00, 0x00, 0x00, 0x10, 0x00, 0x00, 0x00, 0x0a, 0x00, 0x00, 0x00,
    0x01, 0x00, 0x00, 0x00, 0x34, 0x00, 0x00, 0x00, 0x01, 0x00, 0x00, 0x00,
    0x33, 0x00, 0x00, 0x00, 0x42, 0xfe, 0xff, 0xff, 0x14, 0x00, 0x00, 0x00,
    0x00, 0x00, 0x00, 0x42, 0x10, 0x00, 0x00, 0x00, 0x14, 0x00, 0x00, 0x00,
    0x09, 0x00, 0x00, 0x00, 0xf0, 0xac, 0xff, 0xff, 0x01, 0x00, 0x00, 0x00,
    0x33, 0x00, 0x00, 0x00, 0x01, 0x00, 0x00, 0x00, 0x32, 0x00, 0x00, 0x00,
    0x7a, 0xff, 0xff, 0xff, 0x0c, 0x00, 0x00, 0x00, 0x10, 0x00, 0x00, 0x00,
    0x08, 0x00, 0x00, 0x00, 0x01, 0x00, 0x00, 0x00, 0x32, 0x00, 0x00, 0x00,
    0x01, 0x00, 0x00, 0x00, 0x31, 0x00, 0x00, 0x00, 0x8e, 0xfe, 0xff, 0xff,
    0x14, 0x00, 0x00, 0x00, 0x00, 0x00, 0x00, 0x1c, 0x10, 0x00, 0x00, 0x00,
    0x14, 0x00, 0x00, 0x00, 0x07, 0x00, 0x00, 0x00, 0x3c, 0xad, 0xff, 0xff,
    0x01, 0x00, 0x00, 0x00, 0x31, 0x00, 0x00, 0x00, 0x02, 0x00, 0x00, 0x00,
    0x2f, 0x00, 0x00, 0x00, 0x30, 0x00, 0x00, 0x00, 0xbe, 0xfe, 0xff, 0xff,
    0x14, 0x00, 0x00, 0x00, 0x00, 0x00, 0x00, 0x1b, 0x14, 0x00, 0x00, 0x00,
    0x18, 0x00, 0x00, 0x00, 0x06, 0x00, 0x00, 0x00, 0xf6, 0xfe, 0xff, 0xff,
    0x00, 0x00, 0x00, 0x01, 0x01, 0x00, 0x00, 0x00, 0x30, 0x00, 0x00, 0x00,
    0x02, 0x00, 0x00, 0x00, 0x2f, 0x00, 0x00, 0x00, 0x06, 0x00, 0x00, 0x00,
    0x00, 0x00, 0x0a, 0x00, 0x10, 0x00, 0x0c, 0x00, 0x08, 0x00, 0x04, 0x00,
    0x0a, 0x00, 0x00, 0x00, 0x0c, 0x00, 0x00, 0x00, 0x10, 0x00, 0x00, 0x00,
    0x05, 0x00, 0x00, 0x00, 0x01, 0x00, 0x00, 0x00, 0x2f, 0x00, 0x00, 0x00,
    0x02, 0x00, 0x00, 0x00, 0x2b, 0x00, 0x00, 0x00, 0x2e, 0x00, 0x00, 0x00,
    0x6a, 0xff, 0xff, 0xff, 0x1c, 0x00, 0x00, 0x00, 0x00, 0x00, 0x00, 0x3b,
    0x1c, 0x00, 0x00, 0x00, 0x20, 0x00, 0x00, 0x00, 0x04, 0x00, 0x00, 0x00,
    0x00, 0x00, 0x06, 0x00, 0x08, 0x00, 0x04, 0x00, 0x06, 0x00, 0x00, 0x00,
    0x05, 0x00, 0x00, 0x00, 0x01, 0x00, 0x00, 0x00, 0x2e, 0x00, 0x00, 0x00,
    0x05, 0x00, 0x00, 0x00, 0x2d, 0x00, 0x00, 0x00, 0x03, 0x00, 0x00, 0x00,
    0x04, 0x00, 0x00, 0x00, 0x05, 0x00, 0x00, 0x00, 0x05, 0x00, 0x00, 0x00,
    0xb2, 0xff, 0xff, 0xff, 0x24, 0x00, 0x00, 0x00, 0x00, 0x00, 0x00, 0x20,
    0x24, 0x00, 0x00, 0x00, 0x28, 0x00, 0x00, 0x00, 0x03, 0x00, 0x00, 0x00,
    0x00, 0x00, 0x0e, 0x00, 0x08, 0x00, 0x00, 0x00, 0x00, 0x00, 0x00, 0x00,
    0x00, 0x00, 0x04, 0x00, 0x0e, 0x00, 0x00, 0x00, 0x01, 0x00, 0x00, 0x00,
    0x01, 0x00, 0x00, 0x00, 0x2d, 0x00, 0x00, 0x00, 0x04, 0x00, 0x00, 0x00,
    0x2c, 0x00, 0x00, 0x00, 0x01, 0x00, 0x00, 0x00, 0x02, 0x00, 0x00, 0x00,
    0x02, 0x00, 0x00, 0x00, 0x00, 0x00, 0x0e, 0x00, 0x1a, 0x00, 0x14, 0x00,
    0x10, 0x00, 0x0c, 0x00, 0x0b, 0x00, 0x04, 0x00, 0x0e, 0x00, 0x00, 0x00,
    0x1c, 0x00, 0x00, 0x00, 0x00, 0x00, 0x00, 0x37, 0x1c, 0x00, 0x00, 0x00,
    0x20, 0x00, 0x00, 0x00, 0x02, 0x00, 0x00, 0x00, 0x00, 0x00, 0x06, 0x00,
    0x08, 0x00, 0x07, 0x00, 0x06, 0x00, 0x00, 0x00, 0x00, 0x00, 0x00, 0x02,
    0x01, 0x00, 0x00, 0x00, 0x2c, 0x00, 0x00, 0x00, 0x01, 0x00, 0x00, 0x00,
    0x2b, 0x00, 0x00, 0x00, 0x00, 0x00, 0x0e, 0x00, 0x18, 0x00, 0x14, 0x00,
    0x10, 0x00, 0x0c, 0x00, 0x0b, 0x00, 0x04, 0x00, 0x0e, 0x00, 0x00, 0x00,
    0x20, 0x00, 0x00, 0x00, 0x00, 0x00, 0x00, 0x02, 0x28, 0x00, 0x00, 0x00,
    0x2c, 0x00, 0x00, 0x00, 0x01, 0x00, 0x00, 0x00, 0x0c, 0x00, 0x10, 0x00,
    0x00, 0x00, 0x0c, 0x00, 0x08, 0x00, 0x04, 0x00, 0x0c, 0x00, 0x00, 0x00,
    0x01, 0x00, 0x00, 0x00, 0x01, 0x00, 0x00, 0x00, 0x01, 0x00, 0x00, 0x00,
    0x01, 0x00, 0x00, 0x00, 0x2b, 0x00, 0x00, 0x00, 0x03, 0x00, 0x00, 0x00,
    0x2a, 0x00, 0x00, 0x00, 0x27, 0x00, 0x00, 0x00, 0x25, 0x00, 0x00, 0x00,
    0x00, 0x00, 0x0e, 0x00, 0x14, 0x00, 0x00, 0x00, 0x10, 0x00, 0x0c, 0x00,
    0x0b, 0x00, 0x04, 0x00, 0x0e, 0x00, 0x00, 0x00, 0x1c, 0x00, 0x00, 0x00,
    0x00, 0x00, 0x00, 0x01, 0x24, 0x00, 0x00, 0x00, 0x28, 0x00, 0x00, 0x00,
    0x0c, 0x00, 0x10, 0x00, 0x00, 0x00, 0x0c, 0x00, 0x08, 0x00, 0x07, 0x00,
    0x0c, 0x00, 0x00, 0x00, 0x00, 0x00, 0x00, 0x01, 0x02, 0x00, 0x00, 0x00,
    0x01, 0x00, 0x00, 0x00, 0x01, 0x00, 0x00, 0x00, 0x2a, 0x00, 0x00, 0x00,
    0x03, 0x00, 0x00, 0x00, 0x00, 0x00, 0x00, 0x00, 0x29, 0x00, 0x00, 0x00,
    0x28, 0x00, 0x00, 0x00, 0x01, 0x00, 0x00, 0x00, 0x6e, 0x00, 0x00, 0x00,
    0x01, 0x00, 0x00, 0x00, 0x00, 0x00, 0x00, 0x00, 0x6f, 0x00, 0x00, 0x00,
    0xe0, 0x50, 0x00, 0x00, 0x84, 0x50, 0x00, 0x00, 0x2c, 0x50, 0x00, 0x00,
    0xf0, 0x4f, 0x00, 0x00, 0xb4, 0x4f, 0x00, 0x00, 0x78, 0x4f, 0x00, 0x00,
    0x38, 0x4f, 0x00, 0x00, 0xfc, 0x4e, 0x00, 0x00, 0x88, 0x4e, 0x00, 0x00,
    0x10, 0x4e, 0x00, 0x00, 0x94, 0x4d, 0x00, 0x00, 0x20, 0x4c, 0x00, 0x00,
    0xec, 0x4a, 0x00, 0x00, 0x30, 0x49, 0x00, 0x00, 0xfc, 0x47, 0x00, 0x00,
    0x68, 0x47, 0x00, 0x00, 0xd4, 0x46, 0x00, 0x00, 0xf0, 0x45, 0x00, 0x00,
    0xcc, 0x44, 0x00, 0x00, 0x40, 0x43, 0x00, 0x00, 0x0c, 0x42, 0x00, 0x00,
    0xc8, 0x40, 0x00, 0x00, 0xc4, 0x3f, 0x00, 0x00, 0x38, 0x3e, 0x00, 0x00,
    0x34, 0x3d, 0x00, 0x00, 0xa0, 0x3c, 0x00, 0x00, 0x0c, 0x3c, 0x00, 0x00,
    0x2c, 0x3b, 0x00, 0x00, 0xec, 0x39, 0x00, 0x00, 0xe8, 0x38, 0x00, 0x00,
    0xd4, 0x37, 0x00, 0x00, 0x00, 0x37, 0x00, 0x00, 0xa4, 0x35, 0x00, 0x00,
    0xd0, 0x34, 0x00, 0x00, 0x3c, 0x34, 0x00, 0x00, 0xa8, 0x33, 0x00, 0x00,
    0x4c, 0x33, 0x00, 0x00, 0x98, 0x32, 0x00, 0x00, 0xe4, 0x31, 0x00, 0x00,
    0x04, 0x31, 0x00, 0x00, 0xac, 0x2f, 0x00, 0x00, 0xd8, 0x2e, 0x00, 0x00,
    0xb4, 0x2d, 0x00, 0x00, 0x10, 0x2d, 0x00, 0x00, 0xb4, 0x2c, 0x00, 0x00,
    0x54, 0x2c, 0x00, 0x00, 0xf0, 0x2b, 0x00, 0x00, 0x4c, 0x2b, 0x00, 0x00,
    0xa8, 0x2a, 0x00, 0x00, 0x04, 0x2a, 0x00, 0x00, 0x9c, 0x29, 0x00, 0x00,
    0xb8, 0x28, 0x00, 0x00, 0x30, 0x28, 0x00, 0x00, 0x7c, 0x27, 0x00, 0x00,
    0xd8, 0x26, 0x00, 0x00, 0x04, 0x26, 0x00, 0x00, 0x30, 0x25, 0x00, 0x00,
    0x90, 0x24, 0x00, 0x00, 0xf4, 0x23, 0x00, 0x00, 0x30, 0x23, 0x00, 0x00,
    0x94, 0x22, 0x00, 0x00, 0x68, 0x21, 0x00, 0x00, 0x84, 0x20, 0x00, 0x00,
    0xb0, 0x1f, 0x00, 0x00, 0xcc, 0x1e, 0x00, 0x00, 0x28, 0x1e, 0x00, 0x00,
    0xcc, 0x1d, 0x00, 0x00, 0x6c, 0x1d, 0x00, 0x00, 0x08, 0x1d, 0x00, 0x00,
    0x5c, 0x1c, 0x00, 0x00, 0xb8, 0x1b, 0x00, 0x00, 0x14, 0x1b, 0x00, 0x00,
    0xac, 0x1a, 0x00, 0x00, 0xdc, 0x19, 0x00, 0x00, 0x50, 0x19, 0x00, 0x00,
    0x94, 0x18, 0x00, 0x00, 0xf0, 0x17, 0x00, 0x00, 0x1c, 0x17, 0x00, 0x00,
    0x48, 0x16, 0x00, 0x00, 0xa8, 0x15, 0x00, 0x00, 0x0c, 0x15, 0x00, 0x00,
    0x48, 0x14, 0x00, 0x00, 0xa4, 0x13, 0x00, 0x00, 0x78, 0x12, 0x00, 0x00,
    0x94, 0x11, 0x00, 0x00, 0xc0, 0x10, 0x00, 0x00, 0xdc, 0x0f, 0x00, 0x00,
    0x38, 0x0f, 0x00, 0x00, 0xdc, 0x0e, 0x00, 0x00, 0x7c, 0x0e, 0x00, 0x00,
    0x18, 0x0e, 0x00, 0x00, 0x6c, 0x0d, 0x00, 0x00, 0xc8, 0x0c, 0x00, 0x00,
    0x24, 0x0c, 0x00, 0x00, 0xbc, 0x0b, 0x00, 0x00, 0xec, 0x0a, 0x00, 0x00,
    0x60, 0x0a, 0x00, 0x00, 0xa4, 0x09, 0x00, 0x00, 0x00, 0x09, 0x00, 0x00,
    0x2c, 0x08, 0x00, 0x00, 0x58, 0x07, 0x00, 0x00, 0xb8, 0x06, 0x00, 0x00,
    0x1c, 0x06, 0x00, 0x00, 0x58, 0x05, 0x00, 0x00, 0xb4, 0x04, 0x00, 0x00,
    0x88, 0x03, 0x00, 0x00, 0xa4, 0x02, 0x00, 0x00, 0xd0, 0x01, 0x00, 0x00,
    0x3c, 0x01, 0x00, 0x00, 0x80, 0x00, 0x00, 0x00, 0x04, 0x00, 0x00, 0x00,
    0xf2, 0xb0, 0xff, 0xff, 0x00, 0x00, 0x00, 0x01, 0x18, 0x00, 0x00, 0x00,
    0x20, 0x00, 0x00, 0x00, 0x3c, 0x00, 0x00, 0x00, 0x6f, 0x00, 0x00, 0x00,
    0x00, 0x00, 0x00, 0x09, 0x50, 0x00, 0x00, 0x00, 0x02, 0x00, 0x00, 0x00,
    0xff, 0xff, 0xff, 0xff, 0x01, 0x00, 0x00, 0x00, 0xd4, 0xb0, 0xff, 0xff,
    0x08, 0x00, 0x00, 0x00, 0x10, 0x00, 0x00, 0x00, 0x01, 0x00, 0x00, 0x00,
    0x80, 0xff, 0xff, 0xff, 0xff, 0xff, 0xff, 0xff, 0x01, 0x00, 0x00, 0x00,
    0x00, 0x00, 0x80, 0x3b, 0x1b, 0x00, 0x00, 0x00, 0x53, 0x74, 0x61, 0x74,
    0x65, 0x66, 0x75, 0x6c, 0x50, 0x61, 0x72, 0x74, 0x69, 0x74, 0x69, 0x6f,
    0x6e, 0x65, 0x64, 0x43, 0x61, 0x6c, 0x6c, 0x5f, 0x31, 0x3a, 0x30, 0x00,
    0x02, 0x00, 0x00, 0x00, 0x01, 0x00, 0x00, 0x00, 0x01, 0x00, 0x00, 0x00,
    0x6a, 0xb1, 0xff, 0xff, 0x00, 0x00, 0x00, 0x01, 0x18, 0x00, 0x00, 0x00,
    0x20, 0x00, 0x00, 0x00, 0x40, 0x00, 0x00, 0x00, 0x6e, 0x00, 0x00, 0x00,
    0x00, 0x00, 0x00, 0x09, 0x90, 0x00, 0x00, 0x00, 0x02, 0x00, 0x00, 0x00,
    0xff, 0xff, 0xff, 0xff, 0x01, 0x00, 0x00, 0x00, 0x4c, 0xb1, 0xff, 0xff,
    0x08, 0x00, 0x00, 0x00, 0x14, 0x00, 0x00, 0x00, 0x01, 0x00, 0x00, 0x00,
    0x3d, 0x00, 0x00, 0x00, 0x00, 0x00, 0x00, 0x00, 0x00, 0x00, 0x00, 0x00,
    0x01, 0x00, 0x00, 0x00, 0xe3, 0xb6, 0x27, 0x3d, 0x54, 0x00, 0x00, 0x00,
    0x62, 0x63, 0x5f, 0x72, 0x65, 0x73, 0x6e, 0x65, 0x74, 0x5f, 0x6b, 0x77,
    0x73, 0x5f, 0x31, 0x2f, 0x6b, 0x65, 0x79, 0x77, 0x6f, 0x72, 0x64, 0x5f,
    0x63, 0x6f, 0x6e, 0x66, 0x69, 0x64, 0x65, 0x6e, 0x63, 0x65, 0x5f, 0x31,
    0x2f, 0x4d, 0x61, 0x74, 0x4d, 0x75, 0x6c, 0x3b, 0x62, 0x63, 0x5f, 0x72,
    0x65, 0x73, 0x6e, 0x65, 0x74, 0x5f, 0x6b, 0x77, 0x73, 0x5f, 0x31, 0x2f,
    0x6b, 0x65, 0x79, 0x77, 0x6f, 0x72, 0x64, 0x5f, 0x63, 0x6f, 0x6e, 0x66,
    0x69, 0x64, 0x65, 0x6e, 0x63, 0x65, 0x5f, 0x31, 0x2f, 0x41, 0x64, 0x64,
    0x00, 0x00, 0x00, 0x00, 0x02, 0x00, 0x00, 0x00, 0x01, 0x00, 0x00, 0x00,
    0x01, 0x00, 0x00, 0x00, 0x22, 0xb2, 0xff, 0xff, 0x00, 0x00, 0x00, 0x01,
    0x18, 0x00, 0x00, 0x00, 0x20, 0x00, 0x00, 0x00, 0x40, 0x00, 0x00, 0x00,
    0x6d, 0x00, 0x00, 0x00, 0x00, 0x00, 0x00, 0x09, 0x68, 0x00, 0x00, 0x00,
    0x02, 0x00, 0x00, 0x00, 0xff, 0xff, 0xff, 0xff, 0x10, 0x00, 0x00, 0x00,
    0x04, 0xb2, 0xff, 0xff, 0x08, 0x00, 0x00, 0x00, 0x14, 0x00, 0x00, 0x00,
    0x01, 0x00, 0x00, 0x00, 0x80, 0xff, 0xff, 0xff, 0xff, 0xff, 0xff, 0xff,
    0x00, 0x00, 0x00, 0x00, 0x01, 0x00, 0x00, 0x00, 0xdd, 0x8f, 0x50, 0x3c,
    0x2f, 0x00, 0x00, 0x00, 0x62, 0x63, 0x5f, 0x72, 0x65, 0x73, 0x6e, 0x65,
    0x74, 0x5f, 0x6b, 0x77, 0x73, 0x5f, 0x31, 0x2f, 0x67, 0x6c, 0x6f, 0x62,
    0x61, 0x6c, 0x5f, 0x61, 0x76, 0x65, 0x72, 0x61, 0x67, 0x65, 0x5f, 0x70,
    0x6f, 0x6f, 0x6c, 0x69, 0x6e, 0x67, 0x32, 0x64, 0x5f, 0x31, 0x2f, 0x4d,
    0x65, 0x61, 0x6e, 0x00, 0x02, 0x00, 0x00, 0x00, 0x01, 0x00, 0x00, 0x00,
    0x10, 0x00, 0x00, 0x00, 0xb2, 0xb2, 0xff, 0xff, 0x00, 0x00, 0x00, 0x01,
    0x18, 0x00, 0x00, 0x00, 0x28, 0x00, 0x00, 0x00, 0x44, 0x00, 0x00, 0x00,
    0x6c, 0x00, 0x00, 0x00, 0x00, 0x00, 0x00, 0x09, 0xa0, 0x00, 0x00, 0x00,
    0x04, 0x00, 0x00, 0x00, 0xff, 0xff, 0xff, 0xff, 0x32, 0x00, 0x00, 0x00,
    0x28, 0x00, 0x00, 0x00, 0x10, 0x00, 0x00, 0x00, 0x9c, 0xb2, 0xff, 0xff,
    0x08, 0x00, 0x00, 0x00, 0x10, 0x00, 0x00, 0x00, 0x01, 0x00, 0x00, 0x00,
    0x80, 0xff, 0xff, 0xff, 0xff, 0xff, 0xff, 0xff, 0x01, 0x00, 0x00, 0x00,
    0xd8, 0x42, 0x8f, 0x3d, 0x60, 0x00, 0x00, 0x00, 0x62, 0x63, 0x5f, 0x72,
    0x65, 0x73, 0x6e, 0x65, 0x74, 0x5f, 0x6b, 0x77, 0x73, 0x5f, 0x31, 0x2f,
    0x61, 0x63, 0x74, 0x69, 0x76, 0x61, 0x74, 0x69, 0x6f, 0x6e, 0x5f, 0x39,
    0x5f, 0x31, 0x2f, 0x52, 0x65, 0x6c, 0x75, 0x3b, 0x62, 0x63, 0x5f, 0x72,
    0x65, 0x73, 0x6e, 0x65, 0x74, 0x5f, 0x6b, 0x77, 0x73, 0x5f, 0x31, 0x2f,
    0x61, 0x64, 0x64, 0x5f, 0x32, 0x5f, 0x31, 0x2f, 0x41, 0x64, 0x64, 0x3b,
    0x3b, 0x62, 0x63, 0x5f, 0x72, 0x65, 0x73, 0x6e, 0x65, 0x74, 0x5f, 0x6b,
    0x77, 0x73, 0x5f, 0x31, 0x2f, 0x6c, 0x61, 0x6d, 0x62, 0x64, 0x61, 0x5f,
    0x32, 0x5f, 0x31, 0x2f, 0x54, 0x69, 0x6c, 0x65, 0x00, 0x00, 0x00, 0x00,
    0x04, 0x00, 0x00, 0x00, 0x01, 0x00, 0x00, 0x00, 0x32, 0x00, 0x00, 0x00,
    0x28, 0x00, 0x00, 0x00, 0x10, 0x00, 0x00, 0x00, 0x82, 0xb3, 0xff, 0xff,
    0x00, 0x00, 0x00, 0x01, 0x18, 0x00, 0x00, 0x00, 0x28, 0x00, 0x00, 0x00,
    0x48, 0x00, 0x00, 0x00, 0x6b, 0x00, 0x00, 0x00, 0x00, 0x00, 0x00, 0x09,
    0xb0, 0x00, 0x00, 0x00, 0x04, 0x00, 0x00, 0x00, 0xff, 0xff, 0xff, 0xff,
    0x32, 0x00, 0x00, 0x00, 0x01, 0x00, 0x00, 0x00, 0x10, 0x00, 0x00, 0x00,
    0x6c, 0xb3, 0xff, 0xff, 0x08, 0x00, 0x00, 0x00, 0x14, 0x00, 0x00, 0x00,
    0x01, 0x00, 0x00, 0x00, 0xdd, 0xff, 0xff, 0xff, 0xff, 0xff, 0xff, 0xff,
    0x00, 0x00, 0x00, 0x00, 0x01, 0x00, 0x00, 0x00, 0x66, 0xc8, 0xda, 0x3d,
    0x6d, 0x00, 0x00, 0x00, 0x62, 0x63, 0x5f, 0x72, 0x65, 0x73, 0x6e, 0x65,
    0x74, 0x5f, 0x6b, 0x77, 0x73, 0x5f, 0x31, 0x2f, 0x63, 0x6f, 0x6e, 0x76,
    0x32, 0x64, 0x5f, 0x37, 0x5f, 0x31, 0x2f, 0x42, 0x69, 0x61, 0x73, 0x41,
    0x64, 0x64, 0x3b, 0x62, 0x63, 0x5f, 0x72, 0x65, 0x73, 0x6e, 0x65, 0x74,
    0x5f, 0x6b, 0x77, 0x73, 0x5f, 0x31, 0x2f, 0x63, 0x6f, 0x6e, 0x76, 0x32,
    0x64, 0x5f, 0x37, 0x5f, 0x31, 0x2f, 0x63, 0x6f, 0x6e, 0x76, 0x6f, 0x6c,
    0x75, 0x74, 0x69, 0x6f, 0x6e, 0x3b, 0x62, 0x63, 0x5f, 0x72, 0x65, 0x73,
    0x6e, 0x65, 0x74, 0x5f, 0x6b, 0x77, 0x73, 0x5f, 0x31, 0x2f, 0x63, 0x6f,
    0x6e, 0x76, 0x32, 0x64, 0x5f, 0x37, 0x5f, 0x31, 0x2f, 0x53, 0x71, 0x75,
    0x65, 0x65, 0x7a, 0x65, 0x31, 0x00, 0x00, 0x00, 0x04, 0x00, 0x00, 0x00,
    0x01, 0x00, 0x00, 0x00, 0x32, 0x00, 0x00, 0x00, 0x01, 0x00, 0x00, 0x00,
    0x10, 0x00, 0x00, 0x00, 0x62, 0xb4, 0xff, 0xff, 0x00, 0x00, 0x00, 0x01,
    0x18, 0x00, 0x00, 0x00, 0x28, 0x00, 0x00, 0x00, 0x44, 0x00, 0x00, 0x00,
    0x6a, 0x00, 0x00, 0x00, 0x00, 0x00, 0x00, 0x09, 0xf8, 0x00, 0x00, 0x00,
    0x04, 0x00, 0x00, 0x00, 0xff, 0xff, 0xff, 0xff, 0x32, 0x00, 0x00, 0x00,
    0x01, 0x00, 0x00, 0x00, 0x10, 0x00, 0x00, 0x00, 0x4c, 0xb4, 0xff, 0xff,
    0x08, 0x00, 0x00, 0x00, 0x10, 0x00, 0x00, 0x00, 0x01, 0x00, 0x00, 0x00,
    0x80, 0xff, 0xff, 0xff, 0xff, 0xff, 0xff, 0xff, 0x01, 0x00, 0x00, 0x00,
    0x08, 0x3f, 0x04, 0x3d, 0xb9, 0x00, 0x00, 0x00, 0x62, 0x63, 0x5f, 0x72,
    0x65, 0x73, 0x6e, 0x65, 0x74, 0x5f, 0x6b, 0x77, 0x73, 0x5f, 0x31, 0x2f,
    0x61, 0x63, 0x74, 0x69, 0x76, 0x61, 0x74, 0x69, 0x6f, 0x6e, 0x5f, 0x38,
    0x5f, 0x31, 0x2f, 0x52, 0x65, 0x6c, 0x75, 0x3b, 0x62, 0x63, 0x5f, 0x72,
    0x65, 0x73, 0x6e, 0x65, 0x74, 0x5f, 0x6b, 0x77, 0x73, 0x5f, 0x31, 0x2f,
    0x62, 0x61, 0x74, 0x63, 0x68, 0x5f, 0x6e, 0x6f, 0x72, 0x6d, 0x61, 0x6c,
    0x69, 0x7a, 0x61, 0x74, 0x69, 0x6f, 0x6e, 0x5f, 0x33, 0x5f, 0x31, 0x2f,
    0x62, 0x61, 0x74, 0x63, 0x68, 0x6e, 0x6f, 0x72, 0x6d, 0x2f, 0x61, 0x64,
    0x64, 0x5f, 0x31, 0x3b, 0x62, 0x63, 0x5f, 0x72, 0x65, 0x73, 0x6e, 0x65,
    0x74, 0x5f, 0x6b, 0x77, 0x73, 0x5f, 0x31, 0x2f, 0x63, 0x6f, 0x6e, 0x76,
    0x32, 0x64, 0x5f, 0x36, 0x5f, 0x31, 0x2f, 0x63, 0x6f, 0x6e, 0x76, 0x6f,
    0x6c, 0x75, 0x74, 0x69, 0x6f, 0x6e, 0x3b, 0x62, 0x63, 0x5f, 0x72, 0x65,
    0x73, 0x6e, 0x65, 0x74, 0x5f, 0x6b, 0x77, 0x73, 0x5f, 0x31, 0x2f, 0x62,
    0x61, 0x74, 0x63, 0x68, 0x5f, 0x6e, 0x6f, 0x72, 0x6d, 0x61, 0x6c, 0x69,
    0x7a, 0x61, 0x74, 0x69, 0x6f, 0x6e, 0x5f, 0x33, 0x5f, 0x31, 0x2f, 0x62,
    0x61, 0x74, 0x63, 0x68, 0x6e, 0x6f, 0x72, 0x6d, 0x2f, 0x73, 0x75, 0x62,
    0x31, 0x00, 0x00, 0x00, 0x04, 0x00, 0x00, 0x00, 0x01, 0x00, 0x00, 0x00,
    0x32, 0x00, 0x00, 0x00, 0x01, 0x00, 0x00, 0x00, 0x10, 0x00, 0x00, 0x00,
    0x8a, 0xb5, 0xff, 0xff, 0x00, 0x00, 0x00, 0x01, 0x18, 0x00, 0x00, 0x00,
    0x28, 0x00, 0x00, 0x00, 0x48, 0x00, 0x00, 0x00, 0x69, 0x00, 0x00, 0x00,
    0x00, 0x00, 0x00, 0x09, 0x70, 0x00, 0x00, 0x00, 0x04, 0x00, 0x00, 0x00,
    0xff, 0xff, 0xff, 0xff, 0x32, 0x00, 0x00, 0x00, 0x01, 0x00, 0x00, 0x00,
    0x0c, 0x00, 0x00, 0x00, 0x74, 0xb5, 0xff, 0xff, 0x08, 0x00, 0x00, 0x00,
    0x14, 0x00, 0x00, 0x00, 0x01, 0x00, 0x00, 0x00, 0x80, 0xff, 0xff, 0xff,
    0xff, 0xff, 0xff, 0xff, 0x00, 0x00, 0x00, 0x00, 0x01, 0x00, 0x00, 0x00,
    0x3a, 0x2e, 0x4e, 0x3d, 0x2d, 0x00, 0x00, 0x00, 0x62, 0x63, 0x5f, 0x72,
    0x65, 0x73, 0x6e, 0x65, 0x74, 0x5f, 0x6b, 0x77, 0x73, 0x5f, 0x31, 0x2f,
    0x61, 0x76, 0x65, 0x72, 0x61, 0x67, 0x65, 0x5f, 0x70, 0x6f, 0x6f, 0x6c,
    0x69, 0x6e, 0x67, 0x32, 0x64, 0x5f, 0x32, 0x5f, 0x31, 0x2f, 0x41, 0x76,
    0x67, 0x50, 0x6f, 0x6f, 0x6c, 0x00, 0x00, 0x00, 0x04, 0x00, 0x00, 0x00,
    0x01, 0x00, 0x00, 0x00, 0x32, 0x00, 0x00, 0x00, 0x01, 0x00, 0x00, 0x00,
    0x0c, 0x00, 0x00, 0x00, 0x2a, 0xb6, 0xff, 0xff, 0x00, 0x00, 0x00, 0x01,
    0x18, 0x00, 0x00, 0x00, 0x28, 0x00, 0x00, 0x00, 0x48, 0x00, 0x00, 0x00,
    0x68, 0x00, 0x00, 0x00, 0x00, 0x00, 0x00, 0x09, 0x90, 0x00, 0x00, 0x00,
    0x04, 0x00, 0x00, 0x00, 0xff, 0xff, 0xff, 0xff, 0x32, 0x00, 0x00, 0x00,
    0x28, 0x00, 0x00, 0x00, 0x0c, 0x00, 0x00, 0x00, 0x14, 0xb6, 0xff, 0xff,
    0x08, 0x00, 0x00, 0x00, 0x14, 0x00, 0x00, 0x00, 0x01, 0x00, 0x00, 0x00,
    0x80, 0xff, 0xff, 0xff, 0xff, 0xff, 0xff, 0xff, 0x00, 0x00, 0x00, 0x00,
    0x01, 0x00, 0x00, 0x00, 0x3a, 0x2e, 0x4e, 0x3d, 0x4f, 0x00, 0x00, 0x00,
    0x62, 0x63, 0x5f, 0x72, 0x65, 0x73, 0x6e, 0x65, 0x74, 0x5f, 0x6b, 0x77,
    0x73, 0x5f, 0x31, 0x2f, 0x61, 0x63, 0x74, 0x69, 0x76, 0x61, 0x74, 0x69,
    0x6f, 0x6e, 0x5f, 0x37, 0x5f, 0x31, 0x2f, 0x52, 0x65, 0x6c, 0x75, 0x3b,
    0x62, 0x63, 0x5f, 0x72, 0x65, 0x73, 0x6e, 0x65, 0x74, 0x5f, 0x6b, 0x77,
    0x73, 0x5f, 0x31, 0x2f, 0x73, 0x75, 0x62, 0x5f, 0x73, 0x70, 0x65, 0x63,
    0x74, 0x72, 0x61, 0x6c, 0x5f, 0x6e, 0x6f, 0x72, 0x6d, 0x5f, 0x32, 0x5f,
    0x31, 0x2f, 0x61, 0x64, 0x64, 0x5f, 0x31, 0x00, 0x04, 0x00, 0x00, 0x00,
    0x01, 0x00, 0x00, 0x00, 0x32, 0x00, 0x00, 0x00, 0x28, 0x00, 0x00, 0x00,
    0x0c, 0x00, 0x00, 0x00, 0xea, 0xb6, 0xff, 0xff, 0x00, 0x00, 0x00, 0x01,
    0x18, 0x00, 0x00, 0x00, 0x28, 0x00, 0x00, 0x00, 0x44, 0x00, 0x00, 0x00,
    0x67, 0x00, 0x00, 0x00, 0x00, 0x00, 0x00, 0x09, 0x68, 0x00, 0x00, 0x00,
    0x04, 0x00, 0x00, 0x00, 0xff, 0xff, 0xff, 0xff, 0x32, 0x00, 0x00, 0x00,
    0x28, 0x00, 0x00, 0x00, 0x0c, 0x00, 0x00, 0x00, 0xd4, 0xb6, 0xff, 0xff,
    0x08, 0x00, 0x00, 0x00, 0x10, 0x00, 0x00, 0x00, 0x01, 0x00, 0x00, 0x00,
    0x1c, 0x00, 0x00, 0x00, 0x00, 0x00, 0x00, 0x00, 0x01, 0x00, 0x00, 0x00,
    0xa9, 0x72, 0x05, 0x3e, 0x29, 0x00, 0x00, 0x00, 0x62, 0x63, 0x5f, 0x72,
    0x65, 0x73, 0x6e, 0x65, 0x74, 0x5f, 0x6b, 0x77, 0x73, 0x5f, 0x31, 0x2f,
    0x73, 0x75, 0x62, 0x5f, 0x73, 0x70, 0x65, 0x63, 0x74, 0x72, 0x61, 0x6c,
    0x5f, 0x6e, 0x6f, 0x72, 0x6d, 0x5f, 0x32, 0x5f, 0x31, 0x2f, 0x6d, 0x75,
    0x6c, 0x00, 0x00, 0x00, 0x04, 0x00, 0x00, 0x00, 0x01, 0x00, 0x00, 0x00,
    0x32, 0x00, 0x00, 0x00, 0x28, 0x00, 0x00, 0x00, 0x0c, 0x00, 0x00, 0x00,
    0x82, 0xb7, 0xff, 0xff, 0x00, 0x00, 0x00, 0x01, 0x18, 0x00, 0x00, 0x00,
    0x28, 0x00, 0x00, 0x00, 0x44, 0x00, 0x00, 0x00, 0x66, 0x00, 0x00, 0x00,
    0x00, 0x00, 0x00, 0x09, 0x6c, 0x00, 0x00, 0x00, 0x04, 0x00, 0x00, 0x00,
    0xff, 0xff, 0xff, 0xff, 0x32, 0x00, 0x00, 0x00, 0x28, 0x00, 0x00, 0x00,
    0x0c, 0x00, 0x00, 0x00, 0x6c, 0xb7, 0xff, 0xff, 0x08, 0x00, 0x00, 0x00,
    0x10, 0x00, 0x00, 0x00, 0x01, 0x00, 0x00, 0x00, 0x14, 0x00, 0x00, 0x00,
    0x00, 0x00, 0x00, 0x00, 0x01, 0x00, 0x00, 0x00, 0x63, 0xf9, 0xff, 0x3d,
    0x2f, 0x00, 0x00, 0x00, 0x62, 0x63, 0x5f, 0x72, 0x65, 0x73, 0x6e, 0x65,
    0x74, 0x5f, 0x6b, 0x77, 0x73, 0x5f, 0x31, 0x2f, 0x73, 0x75, 0x62, 0x5f,
    0x73, 0x70, 0x65, 0x63, 0x74, 0x72, 0x61, 0x6c, 0x5f, 0x6e, 0x6f, 0x72,
    0x6d, 0x5f, 0x32, 0x5f, 0x31, 0x2f, 0x52, 0x65, 0x73, 0x68, 0x61, 0x70,
    0x65, 0x5f, 0x31, 0x00, 0x04, 0x00, 0x00, 0x00, 0x01, 0x00, 0x00, 0x00,
    0x32, 0x00, 0x00, 0x00, 0x28, 0x00, 0x00, 0x00, 0x0c, 0x00, 0x00, 0x00,
    0x1e, 0xb8, 0xff, 0xff, 0x00, 0x00, 0x00, 0x01, 0x18, 0x00, 0x00, 0x00,
    0x2c, 0x00, 0x00, 0x00, 0x48, 0x00, 0x00, 0x00, 0x65, 0x00, 0x00, 0x00,
    0x00, 0x00, 0x00, 0x09, 0x9c, 0x00, 0x00, 0x00, 0x05, 0x00, 0x00, 0x00,
    0xff, 0xff, 0xff, 0xff, 0x32, 0x00, 0x00, 0x00, 0x05, 0x00, 0x00, 0x00,
    0x08, 0x00, 0x00, 0x00, 0x0c, 0x00, 0x00, 0x00, 0x0c, 0xb8, 0xff, 0xff,
    0x08, 0x00, 0x00, 0x00, 0x10, 0x00, 0x00, 0x00, 0x01, 0x00, 0x00, 0x00,
    0x14, 0x00, 0x00, 0x00, 0x00, 0x00, 0x00, 0x00, 0x01, 0x00, 0x00, 0x00,
    0x63, 0xf9, 0xff, 0x3d, 0x59, 0x00, 0x00, 0x00, 0x62, 0x63, 0x5f, 0x72,
    0x65, 0x73, 0x6e, 0x65, 0x74, 0x5f, 0x6b, 0x77, 0x73, 0x5f, 0x31, 0x2f,
    0x73, 0x75, 0x62, 0x5f, 0x73, 0x70, 0x65, 0x63, 0x74, 0x72, 0x61, 0x6c,
    0x5f, 0x6e, 0x6f, 0x72, 0x6d, 0x5f, 0x32, 0x5f, 0x31, 0x2f, 0x74, 0x72,
    0x75, 0x65, 0x64, 0x69, 0x76, 0x3b, 0x62, 0x63, 0x5f, 0x72, 0x65, 0x73,
    0x6e, 0x65, 0x74, 0x5f, 0x6b, 0x77, 0x73, 0x5f, 0x31, 0x2f, 0x73, 0x75,
    0x62, 0x5f, 0x73, 0x70, 0x65, 0x63, 0x74, 0x72, 0x61, 0x6c, 0x5f, 0x6e,
    0x6f, 0x72, 0x6d, 0x5f, 0x32, 0x5f, 0x31, 0x2f, 0x53, 0x71, 0x72, 0x74,
    0x31, 0x00, 0x00, 0x00, 0x05, 0x00, 0x00, 0x00, 0x01, 0x00, 0x00, 0x00,
    0x32, 0x00, 0x00, 0x00, 0x05, 0x00, 0x00, 0x00, 0x08, 0x00, 0x00, 0x00,
    0x0c, 0x00, 0x00, 0x00, 0xee, 0xb8, 0xff, 0xff, 0x00, 0x00, 0x00, 0x01,
    0x18, 0x00, 0x00, 0x00, 0x2c, 0x00, 0x00, 0x00, 0x48, 0x00, 0x00, 0x00,
    0x64, 0x00, 0x00, 0x00, 0x00, 0x00, 0x00, 0x09, 0x9c, 0x00, 0x00, 0x00,
    0x05, 0x00, 0x00, 0x00, 0xff, 0xff, 0xff, 0xff, 0x01, 0x00, 0x00, 0x00,
    0x05, 0x00, 0x00, 0x00, 0x01, 0x00, 0x00, 0x00, 0x0c, 0x00, 0x00, 0x00,
    0xdc, 0xb8, 0xff, 0xff, 0x08, 0x00, 0x00, 0x00, 0x10, 0x00, 0x00, 0x00,
    0x01, 0x00, 0x00, 0x00, 0x80, 0xff, 0xff, 0xff, 0xff, 0xff, 0xff, 0xff,
    0x01, 0x00, 0x00, 0x00, 0xe4, 0xbb, 0x9e, 0x3f, 0x58, 0x00, 0x00, 0x00,
    0x62, 0x63, 0x5f, 0x72, 0x65, 0x73, 0x6e, 0x65, 0x74, 0x5f, 0x6b, 0x77,
    0x73, 0x5f, 0x31, 0x2f, 0x73, 0x75, 0x62, 0x5f, 0x73, 0x70, 0x65, 0x63,
    0x74, 0x72, 0x61, 0x6c, 0x5f, 0x6e, 0x6f, 0x72, 0x6d, 0x5f, 0x32, 0x5f,
    0x31, 0x2f, 0x74, 0x72, 0x75, 0x65, 0x64, 0x69, 0x76, 0x3b, 0x62, 0x63,
    0x5f, 0x72, 0x65, 0x73, 0x6e, 0x65, 0x74, 0x5f, 0x6b, 0x77, 0x73, 0x5f,
    0x31, 0x2f, 0x73, 0x75, 0x62, 0x5f, 0x73, 0x70, 0x65, 0x63, 0x74, 0x72,
    0x61, 0x6c, 0x5f, 0x6e, 0x6f, 0x72, 0x6d, 0x5f, 0x32, 0x5f, 0x31, 0x2f,
    0x53, 0x71, 0x72, 0x74, 0x00, 0x00, 0x00, 0x00, 0x05, 0x00, 0x00, 0x00,
    0x01, 0x00, 0x00, 0x00, 0x01, 0x00, 0x00, 0x00, 0x05, 0x00, 0x00, 0x00,
    0x01, 0x00, 0x00, 0x00, 0x0c, 0x00, 0x00, 0x00, 0xbe, 0xb9, 0xff, 0xff,
    0x00, 0x00, 0x00, 0x01, 0x18, 0x00, 0x00, 0x00, 0x2c, 0x00, 0x00, 0x00,
    0x48, 0x00, 0x00, 0x00, 0x63, 0x00, 0x00, 0x00, 0x00, 0x00, 0x00, 0x09,
    0x6c, 0x00, 0x00, 0x00, 0x05, 0x00, 0x00, 0x00, 0xff, 0xff, 0xff, 0xff,
    0x01, 0x00, 0x00, 0x00, 0x05, 0x00, 0x00, 0x00, 0x01, 0x00, 0x00, 0x00,
    0x0c, 0x00, 0x00, 0x00, 0xac, 0xb9, 0xff, 0xff, 0x08, 0x00, 0x00, 0x00,
    0x10, 0x00, 0x00, 0x00, 0x01, 0x00, 0x00, 0x00, 0x80, 0xff, 0xff, 0xff,
    0xff, 0xff, 0xff, 0xff, 0x01, 0x00, 0x00, 0x00, 0xb4, 0x09, 0xbf, 0x3a,
    0x29, 0x00, 0x00, 0x00, 0x62, 0x63, 0x5f, 0x72, 0x65, 0x73, 0x6e, 0x65,
    0x74, 0x5f, 0x6b, 0x77, 0x73, 0x5f, 0x31, 0x2f, 0x73, 0x75, 0x62, 0x5f,
    0x73, 0x70, 0x65, 0x63, 0x74, 0x72, 0x61, 0x6c, 0x5f, 0x6e, 0x6f, 0x72,
    0x6d, 0x5f, 0x32, 0x5f, 0x31, 0x2f, 0x61, 0x64, 0x64, 0x00, 0x00, 0x00,
    0x05, 0x00, 0x00, 0x00, 0x01, 0x00, 0x00, 0x00, 0x01, 0x00, 0x00, 0x00,
    0x05, 0x00, 0x00, 0x00, 0x01, 0x00, 0x00, 0x00, 0x0c, 0x00, 0x00, 0x00,
    0x5e, 0xba, 0xff, 0xff, 0x00, 0x00, 0x00, 0x01, 0x18, 0x00, 0x00, 0x00,
    0x2c, 0x00, 0x00, 0x00, 0x4c, 0x00, 0x00, 0x00, 0x62, 0x00, 0x00, 0x00,
    0x00, 0x00, 0x00, 0x09, 0x84, 0x00, 0x00, 0x00, 0x05, 0x00, 0x00, 0x00,
    0xff, 0xff, 0xff, 0xff, 0x01, 0x00, 0x00, 0x00, 0x05, 0x00, 0x00, 0x00,
    0x01, 0x00, 0x00, 0x00, 0x0c, 0x00, 0x00, 0x00, 0x4c, 0xba, 0xff, 0xff,
    0x08, 0x00, 0x00, 0x00, 0x14, 0x00, 0x00, 0x00, 0x01, 0x00, 0x00, 0x00,
    0x80, 0xff, 0xff, 0xff, 0xff, 0xff, 0xff, 0xff, 0x00, 0x00, 0x00, 0x00,
    0x01, 0x00, 0x00, 0x00, 0xb4, 0x09, 0xbf, 0x3a, 0x3c, 0x00, 0x00, 0x00,
    0x62, 0x63, 0x5f, 0x72, 0x65, 0x73, 0x6e, 0x65, 0x74, 0x5f, 0x6b, 0x77,
    0x73, 0x5f, 0x31, 0x2f, 0x73, 0x75, 0x62, 0x5f, 0x73, 0x70, 0x65, 0x63,
    0x74, 0x72, 0x61, 0x6c, 0x5f, 0x6e, 0x6f, 0x72, 0x6d, 0x5f, 0x32, 0x5f,
    0x31, 0x2f, 0x72, 0x65, 0x64, 0x75, 0x63, 0x65, 0x5f, 0x76, 0x61, 0x72,
    0x69, 0x61, 0x6e, 0x63, 0x65, 0x2f, 0x4d, 0x65, 0x61, 0x6e, 0x5f, 0x31,
    0x00, 0x00, 0x00, 0x00, 0x05, 0x00, 0x00, 0x00, 0x01, 0x00, 0x00, 0x00,
    0x01, 0x00, 0x00, 0x00, 0x05, 0x00, 0x00, 0x00, 0x01, 0x00, 0x00, 0x00,
    0x0c, 0x00, 0x00, 0x00, 0x16, 0xbb, 0xff, 0xff, 0x00, 0x00, 0x00, 0x01,
    0x18, 0x00, 0x00, 0x00, 0x2c, 0x00, 0x00, 0x00, 0x4c, 0x00, 0x00, 0x00,
    0x61, 0x00, 0x00, 0x00, 0x00, 0x00, 0x00, 0x09, 0x54, 0x00, 0x00, 0x00,
    0x05, 0x00, 0x00, 0x00, 0xff, 0xff, 0xff, 0xff, 0x32, 0x00, 0x00, 0x00,
    0x05, 0x00, 0x00, 0x00, 0x08, 0x00, 0x00, 0x00, 0x0c, 0x00, 0x00, 0x00,
    0x04, 0xbb, 0xff, 0xff, 0x08, 0x00, 0x00, 0x00, 0x14, 0x00, 0x00, 0x00,
    0x01, 0x00, 0x00, 0x00, 0x80, 0xff, 0xff, 0xff, 0xff, 0xff, 0xff, 0xff,
    0x00, 0x00, 0x00, 0x00, 0x01, 0x00, 0x00, 0x00, 0xcb, 0xee, 0x3e, 0x3d,
    0x0d, 0x00, 0x00, 0x00, 0x74, 0x66, 0x6c, 0x2e, 0x71, 0x75, 0x61, 0x6e,
    0x74, 0x69, 0x7a, 0x65, 0x32, 0x00, 0x00, 0x00, 0x05, 0x00, 0x00, 0x00,
    0x01, 0x00, 0x00, 0x00, 0x32, 0x00, 0x00, 0x00, 0x05, 0x00, 0x00, 0x00,
    0x08, 0x00, 0x00, 0x00, 0x0c, 0x00, 0x00, 0x00, 0x1a, 0xe2, 0xff, 0xff,
    0x00, 0x00, 0x00, 0x01, 0x14, 0x00, 0x00, 0x00, 0x28, 0x00, 0x00, 0x00,
    0x28, 0x00, 0x00, 0x00, 0x60, 0x00, 0x00, 0x00, 0x9c, 0x00, 0x00, 0x00,
    0x05, 0x00, 0x00, 0x00, 0xff, 0xff, 0xff, 0xff, 0x32, 0x00, 0x00, 0x00,
    0x05, 0x00, 0x00, 0x00, 0x08, 0x00, 0x00, 0x00, 0x0c, 0x00, 0x00, 0x00,
    0xf8, 0xbb, 0xff, 0xff, 0x76, 0x00, 0x00, 0x00, 0x62, 0x63, 0x5f, 0x72,
    0x65, 0x73, 0x6e, 0x65, 0x74, 0x5f, 0x6b, 0x77, 0x73, 0x5f, 0x31, 0x2f,
    0x73, 0x75, 0x62, 0x5f, 0x73, 0x70, 0x65, 0x63, 0x74, 0x72, 0x61, 0x6c,
    0x5f, 0x6e, 0x6f, 0x72, 0x6d, 0x5f, 0x32, 0x5f, 0x31, 0x2f, 0x72, 0x65,
    0x64, 0x75, 0x63, 0x65, 0x5f, 0x76, 0x61, 0x72, 0x69, 0x61, 0x6e, 0x63,
    0x65, 0x2f, 0x53, 0x71, 0x75, 0x61, 0x72, 0x65, 0x3b, 0x62, 0x63, 0x5f,
    0x72, 0x65, 0x73, 0x6e, 0x65, 0x74, 0x5f, 0x6b, 0x77, 0x73, 0x5f, 0x31,
    0x2f, 0x73, 0x75, 0x62, 0x5f, 0x73, 0x70, 0x65, 0x63, 0x74, 0x72, 0x61,
    0x6c, 0x5f, 0x6e, 0x6f, 0x72, 0x6d, 0x5f, 0x32, 0x5f, 0x31, 0x2f, 0x72,
    0x65, 0x64, 0x75, 0x63, 0x65, 0x5f, 0x76, 0x61, 0x72, 0x69, 0x61, 0x6e,
    0x63, 0x65, 0x2f, 0x73, 0x75, 0x62, 0x00, 0x00, 0x05, 0x00, 0x00, 0x00,
    0x01, 0x00, 0x00, 0x00, 0x32, 0x00, 0x00, 0x00, 0x05, 0x00, 0x00, 0x00,
    0x08, 0x00, 0x00, 0x00, 0x0c, 0x00, 0x00, 0x00, 0xe6, 0xe2, 0xff, 0xff,
    0x00, 0x00, 0x00, 0x01, 0x14, 0x00, 0x00, 0x00, 0x28, 0x00, 0x00, 0x00,
    0x28, 0x00, 0x00, 0x00, 0x5f, 0x00, 0x00, 0x00, 0x34, 0x00, 0x00, 0x00,
    0x05, 0x00, 0x00, 0x00, 0xff, 0xff, 0xff, 0xff, 0x32, 0x00, 0x00, 0x00,
    0x05, 0x00, 0x00, 0x00, 0x08, 0x00, 0x00, 0x00, 0x0c, 0x00, 0x00, 0x00,
    0xc4, 0xbc, 0xff, 0xff, 0x0f, 0x00, 0x00, 0x00, 0x74, 0x66, 0x6c, 0x2e,
    0x64, 0x65, 0x71, 0x75, 0x61, 0x6e, 0x74, 0x69, 0x7a, 0x65, 0x32, 0x00,
    0x05, 0x00, 0x00, 0x00, 0x01, 0x00, 0x00, 0x00, 0x32, 0x00, 0x00, 0x00,
    0x05, 0x00, 0x00, 0x00, 0x08, 0x00, 0x00, 0x00, 0x0c, 0x00, 0x00, 0x00,
    0xce, 0xbc, 0xff, 0xff, 0x00, 0x00, 0x00, 0x01, 0x18, 0x00, 0x00, 0x00,
    0x2c, 0x00, 0x00, 0x00, 0x48, 0x00, 0x00, 0x00, 0x5e, 0x00, 0x00, 0x00,
    0x00, 0x00, 0x00, 0x09, 0x6c, 0x00, 0x00, 0x00, 0x05, 0x00, 0x00, 0x00,
    0xff, 0xff, 0xff, 0xff, 0x32, 0x00, 0x00, 0x00, 0x05, 0x00, 0x00, 0x00,
    0x08, 0x00, 0x00, 0x00, 0x0c, 0x00, 0x00, 0x00, 0xbc, 0xbc, 0xff, 0xff,
    0x08, 0x00, 0x00, 0x00, 0x10, 0x00, 0x00, 0x00, 0x01, 0x00, 0x00, 0x00,
    0x3a, 0x00, 0x00, 0x00, 0x00, 0x00, 0x00, 0x00, 0x01, 0x00, 0x00, 0x00,
    0xa3, 0x0b, 0x98, 0x3c, 0x29, 0x00, 0x00, 0x00, 0x62, 0x63, 0x5f, 0x72,
    0x65, 0x73, 0x6e, 0x65, 0x74, 0x5f, 0x6b, 0x77, 0x73, 0x5f, 0x31, 0x2f,
    0x73, 0x75, 0x62, 0x5f, 0x73, 0x70, 0x65, 0x63, 0x74, 0x72, 0x61, 0x6c,
    0x5f, 0x6e, 0x6f, 0x72, 0x6d, 0x5f, 0x32, 0x5f, 0x31, 0x2f, 0x73, 0x75,
    0x62, 0x00, 0x00, 0x00, 0x05, 0x00, 0x00, 0x00, 0x01, 0x00, 0x00, 0x00,
    0x32, 0x00, 0x00, 0x00, 0x05, 0x00, 0x00, 0x00, 0x08, 0x00, 0x00, 0x00,
    0x0c, 0x00, 0x00, 0x00, 0x6e, 0xbd, 0xff, 0xff, 0x00, 0x00, 0x00, 0x01,
    0x18, 0x00, 0x00, 0x00, 0x2c, 0x00, 0x00, 0x00, 0x48, 0x00, 0x00, 0x00,
    0x5d, 0x00, 0x00, 0x00, 0x00, 0x00, 0x00, 0x09, 0x6c, 0x00, 0x00, 0x00,
    0x05, 0x00, 0x00, 0x00, 0xff, 0xff, 0xff, 0xff, 0x01, 0x00, 0x00, 0x00,
    0x05, 0x00, 0x00, 0x00, 0x01, 0x00, 0x00, 0x00, 0x0c, 0x00, 0x00, 0x00,
    0x5c, 0xbd, 0xff, 0xff, 0x08, 0x00, 0x00, 0x00, 0x10, 0x00, 0x00, 0x00,
    0x01, 0x00, 0x00, 0x00, 0x61, 0x00, 0x00, 0x00, 0x00, 0x00, 0x00, 0x00,
    0x01, 0x00, 0x00, 0x00, 0xc7, 0x13, 0x62, 0x3b, 0x2a, 0x00, 0x00, 0x00,
    0x62, 0x63, 0x5f, 0x72, 0x65, 0x73, 0x6e, 0x65, 0x74, 0x5f, 0x6b, 0x77,
    0x73, 0x5f, 0x31, 0x2f, 0x73, 0x75, 0x62, 0x5f, 0x73, 0x70, 0x65, 0x63,
    0x74, 0x72, 0x61, 0x6c, 0x5f, 0x6e, 0x6f, 0x72, 0x6d, 0x5f, 0x32, 0x5f,
    0x31, 0x2f, 0x4d, 0x65, 0x61, 0x6e, 0x00, 0x00, 0x05, 0x00, 0x00, 0x00,
    0x01, 0x00, 0x00, 0x00, 0x01, 0x00, 0x00, 0x00, 0x05, 0x00, 0x00, 0x00,
    0x01, 0x00, 0x00, 0x00, 0x0c, 0x00, 0x00, 0x00, 0x0e, 0xbe, 0xff, 0xff,
    0x00, 0x00, 0x00, 0x01, 0x18, 0x00, 0x00, 0x00, 0x2c, 0x00, 0x00, 0x00,
    0x4c, 0x00, 0x00, 0x00, 0x5c, 0x00, 0x00, 0x00, 0x00, 0x00, 0x00, 0x09,
    0x74, 0x00, 0x00, 0x00, 0x05, 0x00, 0x00, 0x00, 0xff, 0xff, 0xff, 0xff,
    0x32, 0x00, 0x00, 0x00, 0x05, 0x00, 0x00, 0x00, 0x08, 0x00, 0x00, 0x00,
    0x0c, 0x00, 0x00, 0x00, 0xfc, 0xbd, 0xff, 0xff, 0x08, 0x00, 0x00, 0x00,
    0x14, 0x00, 0x00, 0x00, 0x01, 0x00, 0x00, 0x00, 0x3f, 0x00, 0x00, 0x00,
    0x00, 0x00, 0x00, 0x00, 0x00, 0x00, 0x00, 0x00, 0x01, 0x00, 0x00, 0x00,
    0x31, 0xa7, 0x9e, 0x3c, 0x2d, 0x00, 0x00, 0x00, 0x62, 0x63, 0x5f, 0x72,
    0x65, 0x73, 0x6e, 0x65, 0x74, 0x5f, 0x6b, 0x77, 0x73, 0x5f, 0x31, 0x2f,
    0x73, 0x75, 0x62, 0x5f, 0x73, 0x70, 0x65, 0x63, 0x74, 0x72, 0x61, 0x6c,
    0x5f, 0x6e, 0x6f, 0x72, 0x6d, 0x5f, 0x32, 0x5f, 0x31, 0x2f, 0x52, 0x65,
    0x73, 0x68, 0x61, 0x70, 0x65, 0x00, 0x00, 0x00, 0x05, 0x00, 0x00, 0x00,
    0x01, 0x00, 0x00, 0x00, 0x32, 0x00, 0x00, 0x00, 0x05, 0x00, 0x00, 0x00,
    0x08, 0x00, 0x00, 0x00, 0x0c, 0x00, 0x00, 0x00, 0x0e, 0xbf, 0xff, 0xff,
    0x00, 0x00, 0x00, 0x01, 0x14, 0x00, 0x00, 0x00, 0x14, 0x00, 0x00, 0x00,
    0x5b, 0x00, 0x00, 0x00, 0x00, 0x00, 0x00, 0x02, 0x40, 0x00, 0x00, 0x00,
    0xf8, 0xbe, 0xff, 0xff, 0x33, 0x00, 0x00, 0x00, 0x62, 0x63, 0x5f, 0x72,
    0x65, 0x73, 0x6e, 0x65, 0x74, 0x5f, 0x6b, 0x77, 0x73, 0x5f, 0x31, 0x2f,
    0x73, 0x75, 0x62, 0x5f, 0x73, 0x70, 0x65, 0x63, 0x74, 0x72, 0x61, 0x6c,
    0x5f, 0x6e, 0x6f, 0x72, 0x6d, 0x5f, 0x32, 0x5f, 0x31, 0x2f, 0x52, 0x65,
    0x73, 0x68, 0x61, 0x70, 0x65, 0x2f, 0x73, 0x68, 0x61, 0x70, 0x65, 0x00,
    0x01, 0x00, 0x00, 0x00, 0x05, 0x00, 0x00, 0x00, 0x6e, 0xbf, 0xff, 0xff,
    0x00, 0x00, 0x00, 0x01, 0x14, 0x00, 0x00, 0x00, 0x14, 0x00, 0x00, 0x00,
    0x5a, 0x00, 0x00, 0x00, 0x00, 0x00, 0x00, 0x02, 0x40, 0x00, 0x00, 0x00,
    0x58, 0xbf, 0xff, 0xff, 0x33, 0x00, 0x00, 0x00, 0x62, 0x63, 0x5f, 0x72,
    0x65, 0x73, 0x6e, 0x65, 0x74, 0x5f, 0x6b, 0x77, 0x73, 0x5f, 0x31, 0x2f,
    0x73, 0x75, 0x62, 0x5f, 0x73, 0x70, 0x65, 0x63, 0x74, 0x72, 0x61, 0x6c,
    0x5f, 0x6e, 0x6f, 0x72, 0x6d, 0x5f, 0x32, 0x5f, 0x31, 0x2f, 0x73, 0x74,
    0x72, 0x69, 0x64, 0x65, 0x64, 0x5f, 0x73, 0x6c, 0x69, 0x63, 0x65, 0x00,
    0x00, 0x00, 0x00, 0x00, 0xca, 0xbf, 0xff, 0xff, 0x00, 0x00, 0x00, 0x01,
    0x14, 0x00, 0x00, 0x00, 0x14, 0x00, 0x00, 0x00, 0x59, 0x00, 0x00, 0x00,
    0x00, 0x00, 0x00, 0x02, 0x38, 0x00, 0x00, 0x00, 0xb4, 0xbf, 0xff, 0xff,
    0x2b, 0x00, 0x00, 0x00, 0x62, 0x63, 0x5f, 0x72, 0x65, 0x73, 0x6e, 0x65,
    0x74, 0x5f, 0x6b, 0x77, 0x73, 0x5f, 0x31, 0x2f, 0x73, 0x75, 0x62, 0x5f,
    0x73, 0x70, 0x65, 0x63, 0x74, 0x72, 0x61, 0x6c, 0x5f, 0x6e, 0x6f, 0x72,
    0x6d, 0x5f, 0x32, 0x5f, 0x31, 0x2f, 0x53, 0x68, 0x61, 0x70, 0x65, 0x00,
    0x01, 0x00, 0x00, 0x00, 0x04, 0x00, 0x00, 0x00, 0xca, 0xbf, 0xff, 0xff,
    0x00, 0x00, 0x00, 0x01, 0x18, 0x00, 0x00, 0x00, 0x28, 0x00, 0x00, 0x00,
    0x48, 0x00, 0x00, 0x00, 0x58, 0x00, 0x00, 0x00, 0x00, 0x00, 0x00, 0x09,
    0x70, 0x00, 0x00, 0x00, 0x04, 0x00, 0x00, 0x00, 0xff, 0xff, 0xff, 0xff,
    0x32, 0x00, 0x00, 0x00, 0x28, 0x00, 0x00, 0x00, 0x0c, 0x00, 0x00, 0x00,
    0xb4, 0xbf, 0xff, 0xff, 0x08, 0x00, 0x00, 0x00, 0x14, 0x00, 0x00, 0x00,
    0x01, 0x00, 0x00, 0x00, 0x3f, 0x00, 0x00, 0x00, 0x00, 0x00, 0x00, 0x00,
    0x00, 0x00, 0x00, 0x00, 0x01, 0x00, 0x00, 0x00, 0x31, 0xa7, 0x9e, 0x3c,
    0x2f, 0x00, 0x00, 0x00, 0x62, 0x63, 0x5f, 0x72, 0x65, 0x73, 0x6e, 0x65,
    0x74, 0x5f, 0x6b, 0x77, 0x73, 0x5f, 0x31, 0x2f, 0x64, 0x65, 0x70, 0x74,
    0x68, 0x77, 0x69, 0x73, 0x65, 0x5f, 0x63, 0x6f, 0x6e, 0x76, 0x32, 0x64,
    0x5f, 0x32, 0x5f, 0x31, 0x2f, 0x64, 0x65, 0x70, 0x74, 0x68, 0x77, 0x69,
    0x73, 0x65, 0x31, 0x00, 0x04, 0x00, 0x00, 0x00, 0x01, 0x00, 0x00, 0x00,
    0x32, 0x00, 0x00, 0x00, 0x28, 0x00, 0x00, 0x00, 0x0c, 0x00, 0x00, 0x00,
    0x6a, 0xc0, 0xff, 0xff, 0x00, 0x00, 0x00, 0x01, 0x18, 0x00, 0x00, 0x00,
    0x28, 0x00, 0x00, 0x00, 0x48, 0x00, 0x00, 0x00, 0x57, 0x00, 0x00, 0x00,
    0x00, 0x00, 0x00, 0x09, 0xb0, 0x00, 0x00, 0x00, 0x04, 0x00, 0x00, 0x00,
    0xff, 0xff, 0xff, 0xff, 0x32, 0x00, 0x00, 0x00, 0x28, 0x00, 0x00, 0x00,
    0x10, 0x00, 0x00, 0x00, 0x54, 0xc0, 0xff, 0xff, 0x08, 0x00, 0x00, 0x00,
    0x14, 0x00, 0x00, 0x00, 0x01, 0x00, 0x00, 0x00, 0xc4, 0xff, 0xff, 0xff,
    0xff, 0xff, 0xff, 0xff, 0x00, 0x00, 0x00, 0x00, 0x01, 0x00, 0x00, 0x00,
    0xfc, 0xda, 0xc2, 0x3d, 0x6d, 0x00, 0x00, 0x00, 0x62, 0x63, 0x5f, 0x72,
    0x65, 0x73, 0x6e, 0x65, 0x74, 0x5f, 0x6b, 0x77, 0x73, 0x5f, 0x31, 0x2f,
    0x63, 0x6f, 0x6e, 0x76, 0x32, 0x64, 0x5f, 0x38, 0x5f, 0x31, 0x2f, 0x42,
    0x69, 0x61, 0x73, 0x41, 0x64, 0x64, 0x3b, 0x62, 0x63, 0x5f, 0x72, 0x65,
    0x73, 0x6e, 0x65, 0x74, 0x5f, 0x6b, 0x77, 0x73, 0x5f, 0x31, 0x2f, 0x63,
    0x6f, 0x6e, 0x76, 0x32, 0x64, 0x5f, 0x38, 0x5f, 0x31, 0x2f, 0x63, 0x6f,
    0x6e, 0x76, 0x6f, 0x6c, 0x75, 0x74, 0x69, 0x6f, 0x6e, 0x3b, 0x62, 0x63,
    0x5f, 0x72, 0x65, 0x73, 0x6e, 0x65, 0x74, 0x5f, 0x6b, 0x77, 0x73, 0x5f,
    0x31, 0x2f, 0x63, 0x6f, 0x6e, 0x76, 0x32, 0x64, 0x5f, 0x38, 0x5f, 0x31,
    0x2f, 0x53, 0x71, 0x75, 0x65, 0x65, 0x7a, 0x65, 0x31, 0x00, 0x00, 0x00,
    0x04, 0x00, 0x00, 0x00, 0x01, 0x00, 0x00, 0x00, 0x32, 0x00, 0x00, 0x00,
    0x28, 0x00, 0x00, 0x00, 0x10, 0x00, 0x00, 0x00, 0x4a, 0xc1, 0xff, 0xff,
    0x00, 0x00, 0x00, 0x01, 0x18, 0x00, 0x00, 0x00, 0x28, 0x00, 0x00, 0x00,
    0x44, 0x00, 0x00, 0x00, 0x56, 0x00, 0x00, 0x00, 0x00, 0x00, 0x00, 0x09,
    0xa0, 0x00, 0x00, 0x00, 0x04, 0x00, 0x00, 0x00, 0xff, 0xff, 0xff, 0xff,
    0x32, 0x00, 0x00, 0x00, 0x28, 0x00, 0x00, 0x00, 0x0c, 0x00, 0x00, 0x00,
    0x34, 0xc1, 0xff, 0xff, 0x08, 0x00, 0x00, 0x00, 0x10, 0x00, 0x00, 0x00,
    0x01, 0x00, 0x00, 0x00, 0x80, 0xff, 0xff, 0xff, 0xff, 0xff, 0xff, 0xff,
    0x01, 0x00, 0x00, 0x00, 0x0c, 0x4a, 0x25, 0x3d, 0x60, 0x00, 0x00, 0x00,
    0x62, 0x63, 0x5f, 0x72, 0x65, 0x73, 0x6e, 0x65, 0x74, 0x5f, 0x6b, 0x77,
    0x73, 0x5f, 0x31, 0x2f, 0x61, 0x63, 0x74, 0x69, 0x76, 0x61, 0x74, 0x69,
    0x6f, 0x6e, 0x5f, 0x36, 0x5f, 0x31, 0x2f, 0x52, 0x65, 0x6c, 0x75, 0x3b,
    0x62, 0x63, 0x5f, 0x72, 0x65, 0x73, 0x6e, 0x65, 0x74, 0x5f, 0x6b, 0x77,
    0x73, 0x5f, 0x31, 0x2f, 0x61, 0x64, 0x64, 0x5f, 0x31, 0x5f, 0x32, 0x2f,
    0x41, 0x64, 0x64, 0x3b, 0x3b, 0x62, 0x63, 0x5f, 0x72, 0x65, 0x73, 0x6e,
    0x65, 0x74, 0x5f, 0x6b, 0x77, 0x73, 0x5f, 0x31, 0x2f, 0x6c, 0x61, 0x6d,
    0x62, 0x64, 0x61, 0x5f, 0x31, 0x5f, 0x32, 0x2f, 0x54, 0x69, 0x6c, 0x65,
    0x00, 0x00, 0x00, 0x00, 0x04, 0x00, 0x00, 0x00, 0x01, 0x00, 0x00, 0x00,
    0x32, 0x00, 0x00, 0x00, 0x28, 0x00, 0x00, 0x00, 0x0c, 0x00, 0x00, 0x00,
    0x1a, 0xc2, 0xff, 0xff, 0x00, 0x00, 0x00, 0x01, 0x18, 0x00, 0x00, 0x00,
    0x28, 0x00, 0x00, 0x00, 0x48, 0x00, 0x00, 0x00, 0x55, 0x00, 0x00, 0x00,
    0x00, 0x00, 0x00, 0x09, 0xb0, 0x00, 0x00, 0x00, 0x04, 0x00, 0x00, 0x00,
    0xff, 0xff, 0xff, 0xff, 0x32, 0x00, 0x00, 0x00, 0x01, 0x00, 0x00, 0x00,
    0x0c, 0x00, 0x00, 0x00, 0x04, 0xc2, 0xff, 0xff, 0x08, 0x00, 0x00, 0x00,
    0x14, 0x00, 0x00, 0x00, 0x01, 0x00, 0x00, 0x00, 0xf2, 0xff, 0xff, 0xff,
    0xff, 0xff, 0xff, 0xff, 0x00, 0x00, 0x00, 0x00, 0x01, 0x00, 0x00, 0x00,
    0x69, 0x1b, 0x23, 0x3d, 0x6d, 0x00, 0x00, 0x00, 0x62, 0x63, 0x5f, 0x72,
    0x65, 0x73, 0x6e, 0x65, 0x74, 0x5f, 0x6b, 0x77, 0x73, 0x5f, 0x31, 0x2f,
    0x63, 0x6f, 0x6e, 0x76, 0x32, 0x64, 0x5f, 0x34, 0x5f, 0x31, 0x2f, 0x42,
    0x69, 0x61, 0x73, 0x41, 0x64, 0x64, 0x3b, 0x62, 0x63, 0x5f, 0x72, 0x65,
    0x73, 0x6e, 0x65, 0x74, 0x5f, 0x6b, 0x77, 0x73, 0x5f, 0x31, 0x2f, 0x63,
    0x6f, 0x6e, 0x76, 0x32, 0x64, 0x5f, 0x34, 0x5f, 0x31, 0x2f, 0x63, 0x6f,
    0x6e, 0x76, 0x6f, 0x6c, 0x75, 0x74, 0x69, 0x6f, 0x6e, 0x3b, 0x62, 0x63,
    0x5f, 0x72, 0x65, 0x73, 0x6e, 0x65, 0x74, 0x5f, 0x6b, 0x77, 0x73, 0x5f,
    0x31, 0x2f, 0x63, 0x6f, 0x6e, 0x76, 0x32, 0x64, 0x5f, 0x34, 0x5f, 0x31,
    0x2f, 0x53, 0x71, 0x75, 0x65, 0x65, 0x7a, 0x65, 0x31, 0x00, 0x00, 0x00,
    0x04, 0x00, 0x00, 0x00, 0x01, 0x00, 0x00, 0x00, 0x32, 0x00, 0x00, 0x00,
    0x01, 0x00, 0x00, 0x00, 0x0c, 0x00, 0x00, 0x00, 0xfa, 0xc2, 0xff, 0xff,
    0x00, 0x00, 0x00, 0x01, 0x18, 0x00, 0x00, 0x00, 0x28, 0x00, 0x00, 0x00,
    0x44, 0x00, 0x00, 0x00, 0x54, 0x00, 0x00, 0x00, 0x00, 0x00, 0x00, 0x09,
    0xf8, 0x00, 0x00, 0x00, 0x04, 0x00, 0x00, 0x00, 0xff, 0xff, 0xff, 0xff,
    0x32, 0x00, 0x00, 0x00, 0x01, 0x00, 0x00, 0x00, 0x0c, 0x00, 0x00, 0x00,
    0xe4, 0xc2, 0xff, 0xff, 0x08, 0x00, 0x00, 0x00, 0x10, 0x00, 0x00, 0x00,
    0x01, 0x00, 0x00, 0x00, 0x80, 0xff, 0xff, 0xff, 0xff, 0xff, 0xff, 0xff,
    0x01, 0x00, 0x00, 0x00, 0xd1, 0x83, 0xf1, 0x3c, 0xb9, 0x00, 0x00, 0x00,
    0x62, 0x63, 0x5f, 0x72, 0x65, 0x73, 0x6e, 0x65, 0x74, 0x5f, 0x6b, 0x77,
    0x73, 0x5f, 0x31, 0x2f, 0x61, 0x63, 0x74, 0x69, 0x76, 0x61, 0x74, 0x69,
    0x6f, 0x6e, 0x5f, 0x35, 0x5f, 0x31, 0x2f, 0x52, 0x65, 0x6c, 0x75, 0x3b,
    0x62, 0x63, 0x5f, 0x72, 0x65, 0x73, 0x6e, 0x65, 0x74, 0x5f, 0x6b, 0x77,
    0x73, 0x5f, 0x31, 0x2f, 0x62, 0x61, 0x74, 0x63, 0x68, 0x5f, 0x6e, 0x6f,
    0x72, 0x6d, 0x61, 0x6c, 0x69, 0x7a, 0x61, 0x74, 0x69, 0x6f, 0x6e, 0x5f,
    0x32, 0x5f, 0x31, 0x2f, 0x62, 0x61, 0x74, 0x63, 0x68, 0x6e, 0x6f, 0x72,
    0x6d, 0x2f, 0x61, 0x64, 0x64, 0x5f, 0x31, 0x3b, 0x62, 0x63, 0x5f, 0x72,
    0x65, 0x73, 0x6e, 0x65, 0x74, 0x5f, 0x6b, 0x77, 0x73, 0x5f, 0x31, 0x2f,
    0x63, 0x6f, 0x6e, 0x76, 0x32, 0x64, 0x5f, 0x33, 0x5f, 0x31, 0x2f, 0x63,
    0x6f, 0x6e, 0x76, 0x6f, 0x6c, 0x75, 0x74, 0x69, 0x6f, 0x6e, 0x3b, 0x62,
    0x63, 0x5f, 0x72, 0x65, 0x73, 0x6e, 0x65, 0x74, 0x5f, 0x6b, 0x77, 0x73,
    0x5f, 0x31, 0x2f, 0x62, 0x61, 0x74, 0x63, 0x68, 0x5f, 0x6e, 0x6f, 0x72,
    0x6d, 0x61, 0x6c, 0x69, 0x7a, 0x61, 0x74, 0x69, 0x6f, 0x6e, 0x5f, 0x32,
    0x5f, 0x31, 0x2f, 0x62, 0x61, 0x74, 0x63, 0x68, 0x6e, 0x6f, 0x72, 0x6d,
    0x2f, 0x73, 0x75, 0x62, 0x31, 0x00, 0x00, 0x00, 0x04, 0x00, 0x00, 0x00,
    0x01, 0x00, 0x00, 0x00, 0x32, 0x00, 0x00, 0x00, 0x01, 0x00, 0x00, 0x00,
    0x0c, 0x00, 0x00, 0x00, 0x22, 0xc4, 0xff, 0xff, 0x00, 0x00, 0x00, 0x01,
    0x18, 0x00, 0x00, 0x00, 0x28, 0x00, 0x00, 0x00, 0x48, 0x00, 0x00, 0x00,
    0x53, 0x00, 0x00, 0x00, 0x00, 0x00, 0x00, 0x09, 0x70, 0x00, 0x00, 0x00,
    0x04, 0x00, 0x00, 0x00, 0xff, 0xff, 0xff, 0xff, 0x32, 0x00, 0x00, 0x00,
    0x01, 0x00, 0x00, 0x00, 0x08, 0x00, 0x00, 0x00, 0x0c, 0xc4, 0xff, 0xff,
    0x08, 0x00, 0x00, 0x00, 0x14, 0x00, 0x00, 0x00, 0x01, 0x00, 0x00, 0x00,
    0x80, 0xff, 0xff, 0xff, 0xff, 0xff, 0xff, 0xff, 0x00, 0x00, 0x00, 0x00,
    0x01, 0x00, 0x00, 0x00, 0x12, 0x75, 0x1a, 0x3d, 0x2d, 0x00, 0x00, 0x00,
    0x62, 0x63, 0x5f, 0x72, 0x65, 0x73, 0x6e, 0x65, 0x74, 0x5f, 0x6b, 0x77,
    0x73, 0x5f, 0x31, 0x2f, 0x61, 0x76, 0x65, 0x72, 0x61, 0x67, 0x65, 0x5f,
    0x70, 0x6f, 0x6f, 0x6c, 0x69, 0x6e, 0x67, 0x32, 0x64, 0x5f, 0x31, 0x5f,
    0x32, 0x2f, 0x41, 0x76, 0x67, 0x50, 0x6f, 0x6f, 0x6c, 0x00, 0x00, 0x00,
    0x04, 0x00, 0x00, 0x00, 0x01, 0x00, 0x00, 0x00, 0x32, 0x00, 0x00, 0x00,
    0x01, 0x00, 0x00, 0x00, 0x08, 0x00, 0x00, 0x00, 0xc2, 0xc4, 0xff, 0xff,
    0x00, 0x00, 0x00, 0x01, 0x18, 0x00, 0x00, 0x00, 0x28, 0x00, 0x00, 0x00,
    0x48, 0x00, 0x00, 0x00, 0x52, 0x00, 0x00, 0x00, 0x00, 0x00, 0x00, 0x09,
    0x90, 0x00, 0x00, 0x00, 0x04, 0x00, 0x00, 0x00, 0xff, 0xff, 0xff, 0xff,
    0x32, 0x00, 0x00, 0x00, 0x28, 0x00, 0x00, 0x00, 0x08, 0x00, 0x00, 0x00,
    0xac, 0xc4, 0xff, 0xff, 0x08, 0x00, 0x00, 0x00, 0x14, 0x00, 0x00, 0x00,
    0x01, 0x00, 0x00, 0x00, 0x80, 0xff, 0xff, 0xff, 0xff, 0xff, 0xff, 0xff,
    0x00, 0x00, 0x00, 0x00, 0x01, 0x00, 0x00, 0x00, 0x12, 0x75, 0x1a, 0x3d,
    0x4f, 0x00, 0x00, 0x00, 0x62, 0x63, 0x5f, 0x72, 0x65, 0x73, 0x6e, 0x65,
    0x74, 0x5f, 0x6b, 0x77, 0x73, 0x5f, 0x31, 0x2f, 0x61, 0x63, 0x74, 0x69,
    0x76, 0x61, 0x74, 0x69, 0x6f, 0x6e, 0x5f, 0x34, 0x5f, 0x31, 0x2f, 0x52,
    0x65, 0x6c, 0x75, 0x3b, 0x62, 0x63, 0x5f, 0x72, 0x65, 0x73, 0x6e, 0x65,
    0x74, 0x5f, 0x6b, 0x77, 0x73, 0x5f, 0x31, 0x2f, 0x73, 0x75, 0x62, 0x5f,
    0x73, 0x70, 0x65, 0x63, 0x74, 0x72, 0x61, 0x6c, 0x5f, 0x6e, 0x6f, 0x72,
    0x6d, 0x5f, 0x31, 0x5f, 0x32, 0x2f, 0x61, 0x64, 0x64, 0x5f, 0x31, 0x00,
    0x04, 0x00, 0x00, 0x00, 0x01, 0x00, 0x00, 0x00, 0x32, 0x00, 0x00, 0x00,
    0x28, 0x00, 0x00, 0x00, 0x08, 0x00, 0x00, 0x00, 0x82, 0xc5, 0xff, 0xff,
    0x00, 0x00, 0x00, 0x01, 0x18, 0x00, 0x00, 0x00, 0x28, 0x00, 0x00, 0x00,
    0x44, 0x00, 0x00, 0x00, 0x51, 0x00, 0x00, 0x00, 0x00, 0x00, 0x00, 0x09,
    0x68, 0x00, 0x00, 0x00, 0x04, 0x00, 0x00, 0x00, 0xff, 0xff, 0xff, 0xff,
    0x32, 0x00, 0x00, 0x00, 0x28, 0x00, 0x00, 0x00, 0x08, 0x00, 0x00, 0x00,
    0x6c, 0xc5, 0xff, 0xff, 0x08, 0x00, 0x00, 0x00, 0x10, 0x00, 0x00, 0x00,
    0x01, 0x00, 0x00, 0x00, 0x1e, 0x00, 0x00, 0x00, 0x00, 0x00, 0x00, 0x00,
    0x01, 0x00, 0x00, 0x00, 0xbf, 0x1b, 0xcc, 0x3d, 0x29, 0x00, 0x00, 0x00,
    0x62, 0x63, 0x5f, 0x72, 0x65, 0x73, 0x6e, 0x65, 0x74, 0x5f, 0x6b, 0x77,
    0x73, 0x5f, 0x31, 0x2f, 0x73, 0x75, 0x62, 0x5f, 0x73, 0x70, 0x65, 0x63,
    0x74, 0x72, 0x61, 0x6c, 0x5f, 0x6e, 0x6f, 0x72, 0x6d, 0x5f, 0x31, 0x5f,
    0x32, 0x2f, 0x6d, 0x75, 0x6c, 0x00, 0x00, 0x00, 0x04, 0x00, 0x00, 0x00,
    0x01, 0x00, 0x00, 0x00, 0x32, 0x00, 0x00, 0x00, 0x28, 0x00, 0x00, 0x00,
    0x08, 0x00, 0x00, 0x00, 0x1a, 0xc6, 0xff, 0xff, 0x00, 0x00, 0x00, 0x01,
    0x18, 0x00, 0x00, 0x00, 0x28, 0x00, 0x00, 0x00, 0x44, 0x00, 0x00, 0x00,
    0x50, 0x00, 0x00, 0x00, 0x00, 0x00, 0x00, 0x09, 0x6c, 0x00, 0x00, 0x00,
    0x04, 0x00, 0x00, 0x00, 0xff, 0xff, 0xff, 0xff, 0x32, 0x00, 0x00, 0x00,
    0x28, 0x00, 0x00, 0x00, 0x08, 0x00, 0x00, 0x00, 0x04, 0xc6, 0xff, 0xff,
    0x08, 0x00, 0x00, 0x00, 0x10, 0x00, 0x00, 0x00, 0x01, 0x00, 0x00, 0x00,
    0x14, 0x00, 0x00, 0x00, 0x00, 0x00, 0x00, 0x00, 0x01, 0x00, 0x00, 0x00,
    0x26, 0x2b, 0xc6, 0x3d, 0x2f, 0x00, 0x00, 0x00, 0x62, 0x63, 0x5f, 0x72,
    0x65, 0x73, 0x6e, 0x65, 0x74, 0x5f, 0x6b, 0x77, 0x73, 0x5f, 0x31, 0x2f,
    0x73, 0x75, 0x62, 0x5f, 0x73, 0x70, 0x65, 0x63, 0x74, 0x72, 0x61, 0x6c,
    0x5f, 0x6e, 0x6f, 0x72, 0x6d, 0x5f, 0x31, 0x5f, 0x32, 0x2f, 0x52, 0x65,
    0x73, 0x68, 0x61, 0x70, 0x65, 0x5f, 0x31, 0x00, 0x04, 0x00, 0x00, 0x00,
    0x01, 0x00, 0x00, 0x00, 0x32, 0x00, 0x00, 0x00, 0x28, 0x00, 0x00, 0x00,
    0x08, 0x00, 0x00, 0x00, 0xb6, 0xc6, 0xff, 0xff, 0x00, 0x00, 0x00, 0x01,
    0x18, 0x00, 0x00, 0x00, 0x2c, 0x00, 0x00, 0x00, 0x48, 0x00, 0x00, 0x00,
    0x4f, 0x00, 0x00, 0x00, 0x00, 0x00, 0x00, 0x09, 0x9c, 0x00, 0x00, 0x00,
    0x05, 0x00, 0x00, 0x00, 0xff, 0xff, 0xff, 0xff, 0x32, 0x00, 0x00, 0x00,
    0x05, 0x00, 0x00, 0x00, 0x08, 0x00, 0x00, 0x00, 0x08, 0x00, 0x00, 0x00,
    0xa4, 0xc6, 0xff, 0xff, 0x08, 0x00, 0x00, 0x00, 0x10, 0x00, 0x00, 0x00,
    0x01, 0x00, 0x00, 0x00, 0x14, 0x00, 0x00, 0x00, 0x00, 0x00, 0x00, 0x00,
    0x01, 0x00, 0x00, 0x00, 0x26, 0x2b, 0xc6, 0x3d, 0x59, 0x00, 0x00, 0x00,
    0x62, 0x63, 0x5f, 0x72, 0x65, 0x73, 0x6e, 0x65, 0x74, 0x5f, 0x6b, 0x77,
    0x73, 0x5f, 0x31, 0x2f, 0x73, 0x75, 0x62, 0x5f, 0x73, 0x70, 0x65, 0x63,
    0x74, 0x72, 0x61, 0x6c, 0x5f, 0x6e, 0x6f, 0x72, 0x6d, 0x5f, 0x31, 0x5f,
    0x32, 0x2f, 0x74, 0x72, 0x75, 0x65, 0x64, 0x69, 0x76, 0x3b, 0x62, 0x63,
    0x5f, 0x72, 0x65, 0x73, 0x6e, 0x65, 0x74, 0x5f, 0x6b, 0x77, 0x73, 0x5f,
    0x31, 0x2f, 0x73, 0x75, 0x62, 0x5f, 0x73, 0x70, 0x65, 0x63, 0x74, 0x72,
    0x61, 0x6c, 0x5f, 0x6e, 0x6f, 0x72, 0x6d, 0x5f, 0x31, 0x5f, 0x32, 0x2f,
    0x53, 0x71, 0x72, 0x74, 0x31, 0x00, 0x00, 0x00, 0x05, 0x00, 0x00, 0x00,
    0x01, 0x00, 0x00, 0x00, 0x32, 0x00, 0x00, 0x00, 0x05, 0x00, 0x00, 0x00,
    0x08, 0x00, 0x00, 0x00, 0x08, 0x00, 0x00, 0x00, 0x86, 0xc7, 0xff, 0xff,
    0x00, 0x00, 0x00, 0x01, 0x18, 0x00, 0x00, 0x00, 0x2c, 0x00, 0x00, 0x00,
    0x48, 0x00, 0x00, 0x00, 0x4e, 0x00, 0x00, 0x00, 0x00, 0x00, 0x00, 0x09,
    0x9c, 0x00, 0x00, 0x00, 0x05, 0x00, 0x00, 0x00, 0xff, 0xff, 0xff, 0xff,
    0x01, 0x00, 0x00, 0x00, 0x05, 0x00, 0x00, 0x00, 0x01, 0x00, 0x00, 0x00,
    0x08, 0x00, 0x00, 0x00, 0x74, 0xc7, 0xff, 0xff, 0x08, 0x00, 0x00, 0x00,
    0x10, 0x00, 0x00, 0x00, 0x01, 0x00, 0x00, 0x00, 0x80, 0xff, 0xff, 0xff,
    0xff, 0xff, 0xff, 0xff, 0x01, 0x00, 0x00, 0x00, 0x2e, 0xf5, 0x04, 0x3e,
    0x58, 0x00, 0x00, 0x00, 0x62, 0x63, 0x5f, 0x72, 0x65, 0x73, 0x6e, 0x65,
    0x74, 0x5f, 0x6b, 0x77, 0x73, 0x5f, 0x31, 0x2f, 0x73, 0x75, 0x62, 0x5f,
    0x73, 0x70, 0x65, 0x63, 0x74, 0x72, 0x61, 0x6c, 0x5f, 0x6e, 0x6f, 0x72,
    0x6d, 0x5f, 0x31, 0x5f, 0x32, 0x2f, 0x74, 0x72, 0x75, 0x65, 0x64, 0x69,
    0x76, 0x3b, 0x62, 0x63, 0x5f, 0x72, 0x65, 0x73, 0x6e, 0x65, 0x74, 0x5f,
    0x6b, 0x77, 0x73, 0x5f, 0x31, 0x2f, 0x73, 0x75, 0x62, 0x5f, 0x73, 0x70,
    0x65, 0x63, 0x74, 0x72, 0x61, 0x6c, 0x5f, 0x6e, 0x6f, 0x72, 0x6d, 0x5f,
    0x31, 0x5f, 0x32, 0x2f, 0x53, 0x71, 0x72, 0x74, 0x00, 0x00, 0x00, 0x00,
    0x05, 0x00, 0x00, 0x00, 0x01, 0x00, 0x00, 0x00, 0x01, 0x00, 0x00, 0x00,
    0x05, 0x00, 0x00, 0x00, 0x01, 0x00, 0x00, 0x00, 0x08, 0x00, 0x00, 0x00,
    0x56, 0xc8, 0xff, 0xff, 0x00, 0x00, 0x00, 0x01, 0x18, 0x00, 0x00, 0x00,
    0x2c, 0x00, 0x00, 0x00, 0x48, 0x00, 0x00, 0x00, 0x4d, 0x00, 0x00, 0x00,
    0x00, 0x00, 0x00, 0x09, 0x6c, 0x00, 0x00, 0x00, 0x05, 0x00, 0x00, 0x00,
    0xff, 0xff, 0xff, 0xff, 0x01, 0x00, 0x00, 0x00, 0x05, 0x00, 0x00, 0x00,
    0x01, 0x00, 0x00, 0x00, 0x08, 0x00, 0x00, 0x00, 0x44, 0xc8, 0xff, 0xff,
    0x08, 0x00, 0x00, 0x00, 0x10, 0x00, 0x00, 0x00, 0x01, 0x00, 0x00, 0x00,
    0x80, 0xff, 0xff, 0xff, 0xff, 0xff, 0xff, 0xff, 0x01, 0x00, 0x00, 0x00,
    0x9a, 0xd0, 0x51, 0x3b, 0x29, 0x00, 0x00, 0x00, 0x62, 0x63, 0x5f, 0x72,
    0x65, 0x73, 0x6e, 0x65, 0x74, 0x5f, 0x6b, 0x77, 0x73, 0x5f, 0x31, 0x2f,
    0x73, 0x75, 0x62, 0x5f, 0x73, 0x70, 0x65, 0x63, 0x74, 0x72, 0x61, 0x6c,
    0x5f, 0x6e, 0x6f, 0x72, 0x6d, 0x5f, 0x31, 0x5f, 0x32, 0x2f, 0x61, 0x64,
    0x64, 0x00, 0x00, 0x00, 0x05, 0x00, 0x00, 0x00, 0x01, 0x00, 0x00, 0x00,
    0x01, 0x00, 0x00, 0x00, 0x05, 0x00, 0x00, 0x00, 0x01, 0x00, 0x00, 0x00,
    0x08, 0x00, 0x00, 0x00, 0xf6, 0xc8, 0xff, 0xff, 0x00, 0x00, 0x00, 0x01,
    0x18, 0x00, 0x00, 0x00, 0x2c, 0x00, 0x00, 0x00, 0x4c, 0x00, 0x00, 0x00,
    0x4c, 0x00, 0x00, 0x00, 0x00, 0x00, 0x00, 0x09, 0x84, 0x00, 0x00, 0x00,
    0x05, 0x00, 0x00, 0x00, 0xff, 0xff, 0xff, 0xff, 0x01, 0x00, 0x00, 0x00,
    0x05, 0x00, 0x00, 0x00, 0x01, 0x00, 0x00, 0x00, 0x08, 0x00, 0x00, 0x00,
    0xe4, 0xc8, 0xff, 0xff, 0x08, 0x00, 0x00, 0x00, 0x14, 0x00, 0x00, 0x00,
    0x01, 0x00, 0x00, 0x00, 0x80, 0xff, 0xff, 0xff, 0xff, 0xff, 0xff, 0xff,
    0x00, 0x00, 0x00, 0x00, 0x01, 0x00, 0x00, 0x00, 0x9a, 0xd0, 0x51, 0x3b,
    0x3c, 0x00, 0x00, 0x00, 0x62, 0x63, 0x5f, 0x72, 0x65, 0x73, 0x6e, 0x65,
    0x74, 0x5f, 0x6b, 0x77, 0x73, 0x5f, 0x31, 0x2f, 0x73, 0x75, 0x62, 0x5f,
    0x73, 0x70, 0x65, 0x63, 0x74, 0x72, 0x61, 0x6c, 0x5f, 0x6e, 0x6f, 0x72,
    0x6d, 0x5f, 0x31, 0x5f, 0x32, 0x2f, 0x72, 0x65, 0x64, 0x75, 0x63, 0x65,
    0x5f, 0x76, 0x61, 0x72, 0x69, 0x61, 0x6e, 0x63, 0x65, 0x2f, 0x4d, 0x65,
    0x61, 0x6e, 0x5f, 0x31, 0x00, 0x00, 0x00, 0x00, 0x05, 0x00, 0x00, 0x00,
    0x01, 0x00, 0x00, 0x00, 0x01, 0x00, 0x00, 0x00, 0x05, 0x00, 0x00, 0x00,
    0x01, 0x00, 0x00, 0x00, 0x08, 0x00, 0x00, 0x00, 0xae, 0xc9, 0xff, 0xff,
    0x00, 0x00, 0x00, 0x01, 0x18, 0x00, 0x00, 0x00, 0x2c, 0x00, 0x00, 0x00,
    0x4c, 0x00, 0x00, 0x00, 0x4b, 0x00, 0x00, 0x00, 0x00, 0x00, 0x00, 0x09,
    0x54, 0x00, 0x00, 0x00, 0x05, 0x00, 0x00, 0x00, 0xff, 0xff, 0xff, 0xff,
    0x32, 0x00, 0x00, 0x00, 0x05, 0x00, 0x00, 0x00, 0x08, 0x00, 0x00, 0x00,
    0x08, 0x00, 0x00, 0x00, 0x9c, 0xc9, 0xff, 0xff, 0x08, 0x00, 0x00, 0x00,
    0x14, 0x00, 0x00, 0x00, 0x01, 0x00, 0x00, 0x00, 0x80, 0xff, 0xff, 0xff,
    0xff, 0xff, 0xff, 0xff, 0x00, 0x00, 0x00, 0x00, 0x01, 0x00, 0x00, 0x00,
    0x66, 0x55, 0xe9, 0x3d, 0x0d, 0x00, 0x00, 0x00, 0x74, 0x66, 0x6c, 0x2e,
    0x71, 0x75, 0x61, 0x6e, 0x74, 0x69, 0x7a, 0x65, 0x31, 0x00, 0x00, 0x00,
    0x05, 0x00, 0x00, 0x00, 0x01, 0x00, 0x00, 0x00, 0x32, 0x00, 0x00, 0x00,
    0x05, 0x00, 0x00, 0x00, 0x08, 0x00, 0x00, 0x00, 0x08, 0x00, 0x00, 0x00,
    0xb2, 0xf0, 0xff, 0xff, 0x00, 0x00, 0x00, 0x01, 0x14, 0x00, 0x00, 0x00,
    0x28, 0x00, 0x00, 0x00, 0x28, 0x00, 0x00, 0x00, 0x4a, 0x00, 0x00, 0x00,
    0x9c, 0x00, 0x00, 0x00, 0x05, 0x00, 0x00, 0x00, 0xff, 0xff, 0xff, 0xff,
    0x32, 0x00, 0x00, 0x00, 0x05, 0x00, 0x00, 0x00, 0x08, 0x00, 0x00, 0x00,
    0x08, 0x00, 0x00, 0x00, 0x90, 0xca, 0xff, 0xff, 0x76, 0x00, 0x00, 0x00,
    0x62, 0x63, 0x5f, 0x72, 0x65, 0x73, 0x6e, 0x65, 0x74, 0x5f, 0x6b, 0x77,
    0x73, 0x5f, 0x31, 0x2f, 0x73, 0x75, 0x62, 0x5f, 0x73, 0x70, 0x65, 0x63,
    0x74, 0x72, 0x61, 0x6c, 0x5f, 0x6e, 0x6f, 0x72, 0x6d, 0x5f, 0x31, 0x5f,
    0x32, 0x2f, 0x72, 0x65, 0x64, 0x75, 0x63, 0x65, 0x5f, 0x76, 0x61, 0x72,
    0x69, 0x61, 0x6e, 0x63, 0x65, 0x2f, 0x53, 0x71, 0x75, 0x61, 0x72, 0x65,
    0x3b, 0x62, 0x63, 0x5f, 0x72, 0x65, 0x73, 0x6e, 0x65, 0x74, 0x5f, 0x6b,
    0x77, 0x73, 0x5f, 0x31, 0x2f, 0x73, 0x75, 0x62, 0x5f, 0x73, 0x70, 0x65,
    0x63, 0x74, 0x72, 0x61, 0x6c, 0x5f, 0x6e, 0x6f, 0x72, 0x6d, 0x5f, 0x31,
    0x5f, 0x32, 0x2f, 0x72, 0x65, 0x64, 0x75, 0x63, 0x65, 0x5f, 0x76, 0x61,
    0x72, 0x69, 0x61, 0x6e, 0x63, 0x65, 0x2f, 0x73, 0x75, 0x62, 0x00, 0x00,
    0x05, 0x00, 0x00, 0x00, 0x01, 0x00, 0x00, 0x00, 0x32, 0x00, 0x00, 0x00,
    0x05, 0x00, 0x00, 0x00, 0x08, 0x00, 0x00, 0x00, 0x08, 0x00, 0x00, 0x00,
    0x7e, 0xf1, 0xff, 0xff, 0x00, 0x00, 0x00, 0x01, 0x14, 0x00, 0x00, 0x00,
    0x28, 0x00, 0x00, 0x00, 0x28, 0x00, 0x00, 0x00, 0x49, 0x00, 0x00, 0x00,
    0x34, 0x00, 0x00, 0x00, 0x05, 0x00, 0x00, 0x00, 0xff, 0xff, 0xff, 0xff,
    0x32, 0x00, 0x00, 0x00, 0x05, 0x00, 0x00, 0x00, 0x08, 0x00, 0x00, 0x00,
    0x08, 0x00, 0x00, 0x00, 0x5c, 0xcb, 0xff, 0xff, 0x0f, 0x00, 0x00, 0x00,
    0x74, 0x66, 0x6c, 0x2e, 0x64, 0x65, 0x71, 0x75, 0x61, 0x6e, 0x74, 0x69,
    0x7a, 0x65, 0x31, 0x00, 0x05, 0x00, 0x00, 0x00, 0x01, 0x00, 0x00, 0x00,
    0x32, 0x00, 0x00, 0x00, 0x05, 0x00, 0x00, 0x00, 0x08, 0x00, 0x00, 0x00,
    0x08, 0x00, 0x00, 0x00, 0x66, 0xcb, 0xff, 0xff, 0x00, 0x00, 0x00, 0x01,
    0x18, 0x00, 0x00, 0x00, 0x2c, 0x00, 0x00, 0x00, 0x48, 0x00, 0x00, 0x00,
    0x48, 0x00, 0x00, 0x00, 0x00, 0x00, 0x00, 0x09, 0x6c, 0x00, 0x00, 0x00,
    0x05, 0x00, 0x00, 0x00, 0xff, 0xff, 0xff, 0xff, 0x32, 0x00, 0x00, 0x00,
    0x05, 0x00, 0x00, 0x00, 0x08, 0x00, 0x00, 0x00, 0x08, 0x00, 0x00, 0x00,
    0x54, 0xcb, 0xff, 0xff, 0x08, 0x00, 0x00, 0x00, 0x10, 0x00, 0x00, 0x00,
    0x01, 0x00, 0x00, 0x00, 0x14, 0x00, 0x00, 0x00, 0x00, 0x00, 0x00, 0x00,
    0x01, 0x00, 0x00, 0x00, 0x47, 0x63, 0x15, 0x3d, 0x29, 0x00, 0x00, 0x00,
    0x62, 0x63, 0x5f, 0x72, 0x65, 0x73, 0x6e, 0x65, 0x74, 0x5f, 0x6b, 0x77,
    0x73, 0x5f, 0x31, 0x2f, 0x73, 0x75, 0x62, 0x5f, 0x73, 0x70, 0x65, 0x63,
    0x74, 0x72, 0x61, 0x6c, 0x5f, 0x6e, 0x6f, 0x72, 0x6d, 0x5f, 0x31, 0x5f,
    0x32, 0x2f, 0x73, 0x75, 0x62, 0x00, 0x00, 0x00, 0x05, 0x00, 0x00, 0x00,
    0x01, 0x00, 0x00, 0x00, 0x32, 0x00, 0x00, 0x00, 0x05, 0x00, 0x00, 0x00,
    0x08, 0x00, 0x00, 0x00, 0x08, 0x00, 0x00, 0x00, 0x06, 0xcc, 0xff, 0xff,
    0x00, 0x00, 0x00, 0x01, 0x18, 0x00, 0x00, 0x00, 0x2c, 0x00, 0x00, 0x00,
    0x48, 0x00, 0x00, 0x00, 0x47, 0x00, 0x00, 0x00, 0x00, 0x00, 0x00, 0x09,
    0x6c, 0x00, 0x00, 0x00, 0x05, 0x00, 0x00, 0x00, 0xff, 0xff, 0xff, 0xff,
    0x01, 0x00, 0x00, 0x00, 0x05, 0x00, 0x00, 0x00, 0x01, 0x00, 0x00, 0x00,
    0x08, 0x00, 0x00, 0x00, 0xf4, 0xcb, 0xff, 0xff, 0x08, 0x00, 0x00, 0x00,
    0x10, 0x00, 0x00, 0x00, 0x01, 0x00, 0x00, 0x00, 0x40, 0x00, 0x00, 0x00,
    0x00, 0x00, 0x00, 0x00, 0x01, 0x00, 0x00, 0x00, 0x59, 0xb2, 0xc1, 0x3b,
    0x2a, 0x00, 0x00, 0x00, 0x62, 0x63, 0x5f, 0x72, 0x65, 0x73, 0x6e, 0x65,
    0x74, 0x5f, 0x6b, 0x77, 0x73, 0x5f, 0x31, 0x2f, 0x73, 0x75, 0x62, 0x5f,
    0x73, 0x70, 0x65, 0x63, 0x74, 0x72, 0x61, 0x6c, 0x5f, 0x6e, 0x6f, 0x72,
    0x6d, 0x5f, 0x31, 0x5f, 0x32, 0x2f, 0x4d, 0x65, 0x61, 0x6e, 0x00, 0x00,
    0x05, 0x00, 0x00, 0x00, 0x01, 0x00, 0x00, 0x00, 0x01, 0x00, 0x00, 0x00,
    0x05, 0x00, 0x00, 0x00, 0x01, 0x00, 0x00, 0x00, 0x08, 0x00, 0x00, 0x00,
    0xa6, 0xcc, 0xff, 0xff, 0x00, 0x00, 0x00, 0x01, 0x18, 0x00, 0x00, 0x00,
    0x2c, 0x00, 0x00, 0x00, 0x4c, 0x00, 0x00, 0x00, 0x46, 0x00, 0x00, 0x00,
    0x00, 0x00, 0x00, 0x09, 0x74, 0x00, 0x00, 0x00, 0x05, 0x00, 0x00, 0x00,
    0xff, 0xff, 0xff, 0xff, 0x32, 0x00, 0x00, 0x00, 0x05, 0x00, 0x00, 0x00,
    0x08, 0x00, 0x00, 0x00, 0x08, 0x00, 0x00, 0x00, 0x94, 0xcc, 0xff, 0xff,
    0x08, 0x00, 0x00, 0x00, 0x14, 0x00, 0x00, 0x00, 0x01, 0x00, 0x00, 0x00,
    0x13, 0x00, 0x00, 0x00, 0x00, 0x00, 0x00, 0x00, 0x00, 0x00, 0x00, 0x00,
    0x01, 0x00, 0x00, 0x00, 0x4c, 0xbe, 0x20, 0x3d, 0x2d, 0x00, 0x00, 0x00,
    0x62, 0x63, 0x5f, 0x72, 0x65, 0x73, 0x6e, 0x65, 0x74, 0x5f, 0x6b, 0x77,
    0x73, 0x5f, 0x31, 0x2f, 0x73, 0x75, 0x62, 0x5f, 0x73, 0x70, 0x65, 0x63,
    0x74, 0x72, 0x61, 0x6c, 0x5f, 0x6e, 0x6f, 0x72, 0x6d, 0x5f, 0x31, 0x5f,
    0x32, 0x2f, 0x52, 0x65, 0x73, 0x68, 0x61, 0x70, 0x65, 0x00, 0x00, 0x00,
    0x05, 0x00, 0x00, 0x00, 0x01, 0x00, 0x00, 0x00, 0x32, 0x00, 0x00, 0x00,
    0x05, 0x00, 0x00, 0x00, 0x08, 0x00, 0x00, 0x00, 0x08, 0x00, 0x00, 0x00,
    0xa6, 0xcd, 0xff, 0xff, 0x00, 0x00, 0x00, 0x01, 0x14, 0x00, 0x00, 0x00,
    0x14, 0x00, 0x00, 0x00, 0x45, 0x00, 0x00, 0x00, 0x00, 0x00, 0x00, 0x02,
    0x40, 0x00, 0x00, 0x00, 0x90, 0xcd, 0xff, 0xff, 0x33, 0x00, 0x00, 0x00,
    0x62, 0x63, 0x5f, 0x72, 0x65, 0x73, 0x6e, 0x65, 0x74, 0x5f, 0x6b, 0x77,
    0x73, 0x5f, 0x31, 0x2f, 0x73, 0x75, 0x62, 0x5f, 0x73, 0x70, 0x65, 0x63,
    0x74, 0x72, 0x61, 0x6c, 0x5f, 0x6e, 0x6f, 0x72, 0x6d, 0x5f, 0x31, 0x5f,
    0x32, 0x2f, 0x52, 0x65, 0x73, 0x68, 0x61, 0x70, 0x65, 0x2f, 0x73, 0x68,
    0x61, 0x70, 0x65, 0x00, 0x01, 0x00, 0x00, 0x00, 0x05, 0x00, 0x00, 0x00,
    0x06, 0xce, 0xff, 0xff, 0x00, 0x00, 0x00, 0x01, 0x14, 0x00, 0x00, 0x00,
    0x14, 0x00, 0x00, 0x00, 0x44, 0x00, 0x00, 0x00, 0x00, 0x00, 0x00, 0x02,
    0x40, 0x00, 0x00, 0x00, 0xf0, 0xcd, 0xff, 0xff, 0x33, 0x00, 0x00, 0x00,
    0x62, 0x63, 0x5f, 0x72, 0x65, 0x73, 0x6e, 0x65, 0x74, 0x5f, 0x6b, 0x77,
    0x73, 0x5f, 0x31, 0x2f, 0x73, 0x75, 0x62, 0x5f, 0x73, 0x70, 0x65, 0x63,
    0x74, 0x72, 0x61, 0x6c, 0x5f, 0x6e, 0x6f, 0x72, 0x6d, 0x5f, 0x31, 0x5f,
    0x32, 0x2f, 0x73, 0x74, 0x72, 0x69, 0x64, 0x65, 0x64, 0x5f, 0x73, 0x6c,
    0x69, 0x63, 0x65, 0x00, 0x00, 0x00, 0x00, 0x00, 0x62, 0xce, 0xff, 0xff,
    0x00, 0x00, 0x00, 0x01, 0x14, 0x00, 0x00, 0x00, 0x14, 0x00, 0x00, 0x00,
    0x43, 0x00, 0x00, 0x00, 0x00, 0x00, 0x00, 0x02, 0x38, 0x00, 0x00, 0x00,
    0x4c, 0xce, 0xff, 0xff, 0x2b, 0x00, 0x00, 0x00, 0x62, 0x63, 0x5f, 0x72,
    0x65, 0x73, 0x6e, 0x65, 0x74, 0x5f, 0x6b, 0x77, 0x73, 0x5f, 0x31, 0x2f,
    0x73, 0x75, 0x62, 0x5f, 0x73, 0x70, 0x65, 0x63, 0x74, 0x72, 0x61, 0x6c,
    0x5f, 0x6e, 0x6f, 0x72, 0x6d, 0x5f, 0x31, 0x5f, 0x32, 0x2f, 0x53, 0x68,
    0x61, 0x70, 0x65, 0x00, 0x01, 0x00, 0x00, 0x00, 0x04, 0x00, 0x00, 0x00,
    0x62, 0xce, 0xff, 0xff, 0x00, 0x00, 0x00, 0x01, 0x18, 0x00, 0x00, 0x00,
    0x28, 0x00, 0x00, 0x00, 0x48, 0x00, 0x00, 0x00, 0x42, 0x00, 0x00, 0x00,
    0x00, 0x00, 0x00, 0x09, 0x70, 0x00, 0x00, 0x00, 0x04, 0x00, 0x00, 0x00,
    0xff, 0xff, 0xff, 0xff, 0x32, 0x00, 0x00, 0x00, 0x28, 0x00, 0x00, 0x00,
    0x08, 0x00, 0x00, 0x00, 0x4c, 0xce, 0xff, 0xff, 0x08, 0x00, 0x00, 0x00,
    0x14, 0x00, 0x00, 0x00, 0x01, 0x00, 0x00, 0x00, 0x13, 0x00, 0x00, 0x00,
    0x00, 0x00, 0x00, 0x00, 0x00, 0x00, 0x00, 0x00, 0x01, 0x00, 0x00, 0x00,
    0x4c, 0xbe, 0x20, 0x3d, 0x2f, 0x00, 0x00, 0x00, 0x62, 0x63, 0x5f, 0x72,
    0x65, 0x73, 0x6e, 0x65, 0x74, 0x5f, 0x6b, 0x77, 0x73, 0x5f, 0x31, 0x2f,
    0x64, 0x65, 0x70, 0x74, 0x68, 0x77, 0x69, 0x73, 0x65, 0x5f, 0x63, 0x6f,
    0x6e, 0x76, 0x32, 0x64, 0x5f, 0x31, 0x5f, 0x32, 0x2f, 0x64, 0x65, 0x70,
    0x74, 0x68, 0x77, 0x69, 0x73, 0x65, 0x31, 0x00, 0x04, 0x00, 0x00, 0x00,
    0x01, 0x00, 0x00, 0x00, 0x32, 0x00, 0x00, 0x00, 0x28, 0x00, 0x00, 0x00,
    0x08, 0x00, 0x00, 0x00, 0x02, 0xcf, 0xff, 0xff, 0x00, 0x00, 0x00, 0x01,
    0x18, 0x00, 0x00, 0x00, 0x28, 0x00, 0x00, 0x00, 0x48, 0x00, 0x00, 0x00,
    0x41, 0x00, 0x00, 0x00, 0x00, 0x00, 0x00, 0x09, 0xb0, 0x00, 0x00, 0x00,
    0x04, 0x00, 0x00, 0x00, 0xff, 0xff, 0xff, 0xff, 0x32, 0x00, 0x00, 0x00,
    0x28, 0x00, 0x00, 0x00, 0x0c, 0x00, 0x00, 0x00, 0xec, 0xce, 0xff, 0xff,
    0x08, 0x00, 0x00, 0x00, 0x14, 0x00, 0x00, 0x00, 0x01, 0x00, 0x00, 0x00,
    0xf7, 0xff, 0xff, 0xff, 0xff, 0xff, 0xff, 0xff, 0x00, 0x00, 0x00, 0x00,
    0x01, 0x00, 0x00, 0x00, 0x47, 0x6f, 0x9a, 0x3d, 0x6d, 0x00, 0x00, 0x00,
    0x62, 0x63, 0x5f, 0x72, 0x65, 0x73, 0x6e, 0x65, 0x74, 0x5f, 0x6b, 0x77,
    0x73, 0x5f, 0x31, 0x2f, 0x63, 0x6f, 0x6e, 0x76, 0x32, 0x64, 0x5f, 0x35,
    0x5f, 0x31, 0x2f, 0x42, 0x69, 0x61, 0x73, 0x41, 0x64, 0x64, 0x3b, 0x62,
    0x63, 0x5f, 0x72, 0x65, 0x73, 0x6e, 0x65, 0x74, 0x5f, 0x6b, 0x77, 0x73,
    0x5f, 0x31, 0x2f, 0x63, 0x6f, 0x6e, 0x76, 0x32, 0x64, 0x5f, 0x35, 0x5f,
    0x31, 0x2f, 0x63, 0x6f, 0x6e, 0x76, 0x6f, 0x6c, 0x75, 0x74, 0x69, 0x6f,
    0x6e, 0x3b, 0x62, 0x63, 0x5f, 0x72, 0x65, 0x73, 0x6e, 0x65, 0x74, 0x5f,
    0x6b, 0x77, 0x73, 0x5f, 0x31, 0x2f, 0x63, 0x6f, 0x6e, 0x76, 0x32, 0x64,
    0x5f, 0x35, 0x5f, 0x31, 0x2f, 0x53, 0x71, 0x75, 0x65, 0x65, 0x7a, 0x65,
    0x31, 0x00, 0x00, 0x00, 0x04, 0x00, 0x00, 0x00, 0x01, 0x00, 0x00, 0x00,
    0x32, 0x00, 0x00, 0x00, 0x28, 0x00, 0x00, 0x00, 0x0c, 0x00, 0x00, 0x00,
    0xe2, 0xcf, 0xff, 0xff, 0x00, 0x00, 0x00, 0x01, 0x18, 0x00, 0x00, 0x00,
    0x28, 0x00, 0x00, 0x00, 0x48, 0x00, 0x00, 0x00, 0x40, 0x00, 0x00, 0x00,
    0x00, 0x00, 0x00, 0x09, 0xa0, 0x00, 0x00, 0x00, 0x04, 0x00, 0x00, 0x00,
    0xff, 0xff, 0xff, 0xff, 0x32, 0x00, 0x00, 0x00, 0x28, 0x00, 0x00, 0x00,
    0x08, 0x00, 0x00, 0x00, 0xcc, 0xcf, 0xff, 0xff, 0x08, 0x00, 0x00, 0x00,
    0x14, 0x00, 0x00, 0x00, 0x01, 0x00, 0x00, 0x00, 0x80, 0xff, 0xff, 0xff,
    0xff, 0xff, 0xff, 0xff, 0x00, 0x00, 0x00, 0x00, 0x01, 0x00, 0x00, 0x00,
    0x9c, 0x86, 0x23, 0x3d, 0x5c, 0x00, 0x00, 0x00, 0x62, 0x63, 0x5f, 0x72,
    0x65, 0x73, 0x6e, 0x65, 0x74, 0x5f, 0x6b, 0x77, 0x73, 0x5f, 0x31, 0x2f,
    0x61, 0x63, 0x74, 0x69, 0x76, 0x61, 0x74, 0x69, 0x6f, 0x6e, 0x5f, 0x33,
    0x5f, 0x31, 0x2f, 0x52, 0x65, 0x6c, 0x75, 0x3b, 0x62, 0x63, 0x5f, 0x72,
    0x65, 0x73, 0x6e, 0x65, 0x74, 0x5f, 0x6b, 0x77, 0x73, 0x5f, 0x31, 0x2f,
    0x61, 0x64, 0x64, 0x5f, 0x31, 0x2f, 0x41, 0x64, 0x64, 0x3b, 0x3b, 0x62,
    0x63, 0x5f, 0x72, 0x65, 0x73, 0x6e, 0x65, 0x74, 0x5f, 0x6b, 0x77, 0x73,
    0x5f, 0x31, 0x2f, 0x6c, 0x61, 0x6d, 0x62, 0x64, 0x61, 0x5f, 0x31, 0x2f,
    0x54, 0x69, 0x6c, 0x65, 0x00, 0x00, 0x00, 0x00, 0x04, 0x00, 0x00, 0x00,
    0x01, 0x00, 0x00, 0x00, 0x32, 0x00, 0x00, 0x00, 0x28, 0x00, 0x00, 0x00,
    0x08, 0x00, 0x00, 0x00, 0xb2, 0xd0, 0xff, 0xff, 0x00, 0x00, 0x00, 0x01,
    0x18, 0x00, 0x00, 0x00, 0x28, 0x00, 0x00, 0x00, 0x48, 0x00, 0x00, 0x00,
    0x3f, 0x00, 0x00, 0x00, 0x00, 0x00, 0x00, 0x09, 0xb0, 0x00, 0x00, 0x00,
    0x04, 0x00, 0x00, 0x00, 0xff, 0xff, 0xff, 0xff, 0x32, 0x00, 0x00, 0x00,
    0x01, 0x00, 0x00, 0x00, 0x08, 0x00, 0x00, 0x00, 0x9c, 0xd0, 0xff, 0xff,
    0x08, 0x00, 0x00, 0x00, 0x14, 0x00, 0x00, 0x00, 0x01, 0x00, 0x00, 0x00,
    0xe6, 0xff, 0xff, 0xff, 0xff, 0xff, 0xff, 0xff, 0x00, 0x00, 0x00, 0x00,
    0x01, 0x00, 0x00, 0x00, 0x2d, 0x05, 0xed, 0x3c, 0x6d, 0x00, 0x00, 0x00,
    0x62, 0x63, 0x5f, 0x72, 0x65, 0x73, 0x6e, 0x65, 0x74, 0x5f, 0x6b, 0x77,
    0x73, 0x5f, 0x31, 0x2f, 0x63, 0x6f, 0x6e, 0x76, 0x32, 0x64, 0x5f, 0x32,
    0x5f, 0x31, 0x2f, 0x42, 0x69, 0x61, 0x73, 0x41, 0x64, 0x64, 0x3b, 0x62,
    0x63, 0x5f, 0x72, 0x65, 0x73, 0x6e, 0x65, 0x74, 0x5f, 0x6b, 0x77, 0x73,
    0x5f, 0x31, 0x2f, 0x63, 0x6f, 0x6e, 0x76, 0x32, 0x64, 0x5f, 0x32, 0x5f,
    0x31, 0x2f, 0x63, 0x6f, 0x6e, 0x76, 0x6f, 0x6c, 0x75, 0x74, 0x69, 0x6f,
    0x6e, 0x3b, 0x62, 0x63, 0x5f, 0x72, 0x65, 0x73, 0x6e, 0x65, 0x74, 0x5f,
    0x6b, 0x77, 0x73, 0x5f, 0x31, 0x2f, 0x63, 0x6f, 0x6e, 0x76, 0x32, 0x64,
    0x5f, 0x32, 0x5f, 0x31, 0x2f, 0x53, 0x71, 0x75, 0x65, 0x65, 0x7a, 0x65,
    0x31, 0x00, 0x00, 0x00, 0x04, 0x00, 0x00, 0x00, 0x01, 0x00, 0x00, 0x00,
    0x32, 0x00, 0x00, 0x00, 0x01, 0x00, 0x00, 0x00, 0x08, 0x00, 0x00, 0x00,
    0x92, 0xd1, 0xff, 0xff, 0x00, 0x00, 0x00, 0x01, 0x18, 0x00, 0x00, 0x00,
    0x28, 0x00, 0x00, 0x00, 0x44, 0x00, 0x00, 0x00, 0x3e, 0x00, 0x00, 0x00,
    0x00, 0x00, 0x00, 0x09, 0xf8, 0x00, 0x00, 0x00, 0x04, 0x00, 0x00, 0x00,
    0xff, 0xff, 0xff, 0xff, 0x32, 0x00, 0x00, 0x00, 0x01, 0x00, 0x00, 0x00,
    0x08, 0x00, 0x00, 0x00, 0x7c, 0xd1, 0xff, 0xff, 0x08, 0x00, 0x00, 0x00,
    0x10, 0x00, 0x00, 0x00, 0x01, 0x00, 0x00, 0x00, 0x80, 0xff, 0xff, 0xff,
    0xff, 0xff, 0xff, 0xff, 0x01, 0x00, 0x00, 0x00, 0x94, 0xae, 0xce, 0x3c,
    0xb9, 0x00, 0x00, 0x00, 0x62, 0x63, 0x5f, 0x72, 0x65, 0x73, 0x6e, 0x65,
    0x74, 0x5f, 0x6b, 0x77, 0x73, 0x5f, 0x31, 0x2f, 0x61, 0x63, 0x74, 0x69,
    0x76, 0x61, 0x74, 0x69, 0x6f, 0x6e, 0x5f, 0x32, 0x5f, 0x31, 0x2f, 0x52,
    0x65, 0x6c, 0x75, 0x3b, 0x62, 0x63, 0x5f, 0x72, 0x65, 0x73, 0x6e, 0x65,
    0x74, 0x5f, 0x6b, 0x77, 0x73, 0x5f, 0x31, 0x2f, 0x62, 0x61, 0x74, 0x63,
    0x68, 0x5f, 0x6e, 0x6f, 0x72, 0x6d, 0x61, 0x6c, 0x69, 0x7a, 0x61, 0x74,
    0x69, 0x6f, 0x6e, 0x5f, 0x31, 0x5f, 0x32, 0x2f, 0x62, 0x61, 0x74, 0x63,
    0x68, 0x6e, 0x6f, 0x72, 0x6d, 0x2f, 0x61, 0x64, 0x64, 0x5f, 0x31, 0x3b,
    0x62, 0x63, 0x5f, 0x72, 0x65, 0x73, 0x6e, 0x65, 0x74, 0x5f, 0x6b, 0x77,
    0x73, 0x5f, 0x31, 0x2f, 0x63, 0x6f, 0x6e, 0x76, 0x32, 0x64, 0x5f, 0x31,
    0x5f, 0x32, 0x2f, 0x63, 0x6f, 0x6e, 0x76, 0x6f, 0x6c, 0x75, 0x74, 0x69,
    0x6f, 0x6e, 0x3b, 0x62, 0x63, 0x5f, 0x72, 0x65, 0x73, 0x6e, 0x65, 0x74,
    0x5f, 0x6b, 0x77, 0x73, 0x5f, 0x31, 0x2f, 0x62, 0x61, 0x74, 0x63, 0x68,
    0x5f, 0x6e, 0x6f, 0x72, 0x6d, 0x61, 0x6c, 0x69, 0x7a, 0x61, 0x74, 0x69,
    0x6f, 0x6e, 0x5f, 0x31, 0x5f, 0x32, 0x2f, 0x62, 0x61, 0x74, 0x63, 0x68,
    0x6e, 0x6f, 0x72, 0x6d, 0x2f, 0x73, 0x75, 0x62, 0x31, 0x00, 0x00, 0x00,
    0x04, 0x00, 0x00, 0x00, 0x01, 0x00, 0x00, 0x00, 0x32, 0x00, 0x00, 0x00,
    0x01, 0x00, 0x00, 0x00, 0x08, 0x00, 0x00, 0x00, 0xba, 0xd2, 0xff, 0xff,
    0x00, 0x00, 0x00, 0x01, 0x18, 0x00, 0x00, 0x00, 0x28, 0x00, 0x00, 0x00,
    0x44, 0x00, 0x00, 0x00, 0x3d, 0x00, 0x00, 0x00, 0x00, 0x00, 0x00, 0x09,
    0x68, 0x00, 0x00, 0x00, 0x04, 0x00, 0x00, 0x00, 0xff, 0xff, 0xff, 0xff,
    0x32, 0x00, 0x00, 0x00, 0x01, 0x00, 0x00, 0x00, 0x08, 0x00, 0x00, 0x00,
    0xa4, 0xd2, 0xff, 0xff, 0x08, 0x00, 0x00, 0x00, 0x10, 0x00, 0x00, 0x00,
    0x01, 0x00, 0x00, 0x00, 0x80, 0xff, 0xff, 0xff, 0xff, 0xff, 0xff, 0xff,
    0x01, 0x00, 0x00, 0x00, 0xe0, 0xe5, 0x3a, 0x3d, 0x2b, 0x00, 0x00, 0x00,
    0x62, 0x63, 0x5f, 0x72, 0x65, 0x73, 0x6e, 0x65, 0x74, 0x5f, 0x6b, 0x77,
    0x73, 0x5f, 0x31, 0x2f, 0x61, 0x76, 0x65, 0x72, 0x61, 0x67, 0x65, 0x5f,
    0x70, 0x6f, 0x6f, 0x6c, 0x69, 0x6e, 0x67, 0x32, 0x64, 0x5f, 0x31, 0x2f,
    0x41, 0x76, 0x67, 0x50, 0x6f, 0x6f, 0x6c, 0x00, 0x04, 0x00, 0x00, 0x00,
    0x01, 0x00, 0x00, 0x00, 0x32, 0x00, 0x00, 0x00, 0x01, 0x00, 0x00, 0x00,
    0x08, 0x00, 0x00, 0x00, 0x52, 0xd3, 0xff, 0xff, 0x00, 0x00, 0x00, 0x01,
    0x18, 0x00, 0x00, 0x00, 0x28, 0x00, 0x00, 0x00, 0x48, 0x00, 0x00, 0x00,
    0x3c, 0x00, 0x00, 0x00, 0x00, 0x00, 0x00, 0x09, 0x90, 0x00, 0x00, 0x00,
    0x04, 0x00, 0x00, 0x00, 0xff, 0xff, 0xff, 0xff, 0x32, 0x00, 0x00, 0x00,
    0x28, 0x00, 0x00, 0x00, 0x08, 0x00, 0x00, 0x00, 0x3c, 0xd3, 0xff, 0xff,
    0x08, 0x00, 0x00, 0x00, 0x14, 0x00, 0x00, 0x00, 0x01, 0x00, 0x00, 0x00,
    0x80, 0xff, 0xff, 0xff, 0xff, 0xff, 0xff, 0xff, 0x00, 0x00, 0x00, 0x00,
    0x01, 0x00, 0x00, 0x00, 0xe0, 0xe5, 0x3a, 0x3d, 0x4d, 0x00, 0x00, 0x00,
    0x62, 0x63, 0x5f, 0x72, 0x65, 0x73, 0x6e, 0x65, 0x74, 0x5f, 0x6b, 0x77,
    0x73, 0x5f, 0x31, 0x2f, 0x61, 0x63, 0x74, 0x69, 0x76, 0x61, 0x74, 0x69,
    0x6f, 0x6e, 0x5f, 0x31, 0x5f, 0x32, 0x2f, 0x52, 0x65, 0x6c, 0x75, 0x3b,
    0x62, 0x63, 0x5f, 0x72, 0x65, 0x73, 0x6e, 0x65, 0x74, 0x5f, 0x6b, 0x77,
    0x73, 0x5f, 0x31, 0x2f, 0x73, 0x75, 0x62, 0x5f, 0x73, 0x70, 0x65, 0x63,
    0x74, 0x72, 0x61, 0x6c, 0x5f, 0x6e, 0x6f, 0x72, 0x6d, 0x5f, 0x31, 0x2f,
    0x61, 0x64, 0x64, 0x5f, 0x31, 0x00, 0x00, 0x00, 0x04, 0x00, 0x00, 0x00,
    0x01, 0x00, 0x00, 0x00, 0x32, 0x00, 0x00, 0x00, 0x28, 0x00, 0x00, 0x00,
    0x08, 0x00, 0x00, 0x00, 0x12, 0xd4, 0xff, 0xff, 0x00, 0x00, 0x00, 0x01,
    0x18, 0x00, 0x00, 0x00, 0x28, 0x00, 0x00, 0x00, 0x48, 0x00, 0x00, 0x00,
    0x3b, 0x00, 0x00, 0x00, 0x00, 0x00, 0x00, 0x09, 0x68, 0x00, 0x00, 0x00,
    0x04, 0x00, 0x00, 0x00, 0xff, 0xff, 0xff, 0xff, 0x32, 0x00, 0x00, 0x00,
    0x28, 0x00, 0x00, 0x00, 0x08, 0x00, 0x00, 0x00, 0xfc, 0xd3, 0xff, 0xff,
    0x08, 0x00, 0x00, 0x00, 0x14, 0x00, 0x00, 0x00, 0x01, 0x00, 0x00, 0x00,
    0x0d, 0x00, 0x00, 0x00, 0x00, 0x00, 0x00, 0x00, 0x00, 0x00, 0x00, 0x00,
    0x01, 0x00, 0x00, 0x00, 0x71, 0x1f, 0xd1, 0x3d, 0x27, 0x00, 0x00, 0x00,
    0x62, 0x63, 0x5f, 0x72, 0x65, 0x73, 0x6e, 0x65, 0x74, 0x5f, 0x6b, 0x77,
    0x73, 0x5f, 0x31, 0x2f, 0x73, 0x75, 0x62, 0x5f, 0x73, 0x70, 0x65, 0x63,
    0x74, 0x72, 0x61, 0x6c, 0x5f, 0x6e, 0x6f, 0x72, 0x6d, 0x5f, 0x31, 0x2f,
    0x6d, 0x75, 0x6c, 0x00, 0x04, 0x00, 0x00, 0x00, 0x01, 0x00, 0x00, 0x00,
    0x32, 0x00, 0x00, 0x00, 0x28, 0x00, 0x00, 0x00, 0x08, 0x00, 0x00, 0x00,
    0xaa, 0xd4, 0xff, 0xff, 0x00, 0x00, 0x00, 0x01, 0x18, 0x00, 0x00, 0x00,
    0x28, 0x00, 0x00, 0x00, 0x44, 0x00, 0x00, 0x00, 0x3a, 0x00, 0x00, 0x00,
    0x00, 0x00, 0x00, 0x09, 0x6c, 0x00, 0x00, 0x00, 0x04, 0x00, 0x00, 0x00,
    0xff, 0xff, 0xff, 0xff, 0x32, 0x00, 0x00, 0x00, 0x28, 0x00, 0x00, 0x00,
    0x08, 0x00, 0x00, 0x00, 0x94, 0xd4, 0xff, 0xff, 0x08, 0x00, 0x00, 0x00,
    0x10, 0x00, 0x00, 0x00, 0x01, 0x00, 0x00, 0x00, 0x04, 0x00, 0x00, 0x00,
    0x00, 0x00, 0x00, 0x00, 0x01, 0x00, 0x00, 0x00, 0xf4, 0x6b, 0xce, 0x3d,
    0x2d, 0x00, 0x00, 0x00, 0x62, 0x63, 0x5f, 0x72, 0x65, 0x73, 0x6e, 0x65,
    0x74, 0x5f, 0x6b, 0x77, 0x73, 0x5f, 0x31, 0x2f, 0x73, 0x75, 0x62, 0x5f,
    0x73, 0x70, 0x65, 0x63, 0x74, 0x72, 0x61, 0x6c, 0x5f, 0x6e, 0x6f, 0x72,
    0x6d, 0x5f, 0x31, 0x2f, 0x52, 0x65, 0x73, 0x68, 0x61, 0x70, 0x65, 0x5f,
    0x31, 0x00, 0x00, 0x00, 0x04, 0x00, 0x00, 0x00, 0x01, 0x00, 0x00, 0x00,
    0x32, 0x00, 0x00, 0x00, 0x28, 0x00, 0x00, 0x00, 0x08, 0x00, 0x00, 0x00,
    0x46, 0xd5, 0xff, 0xff, 0x00, 0x00, 0x00, 0x01, 0x18, 0x00, 0x00, 0x00,
    0x2c, 0x00, 0x00, 0x00, 0x4c, 0x00, 0x00, 0x00, 0x39, 0x00, 0x00, 0x00,
    0x00, 0x00, 0x00, 0x09, 0x9c, 0x00, 0x00, 0x00, 0x05, 0x00, 0x00, 0x00,
    0xff, 0xff, 0xff, 0xff, 0x32, 0x00, 0x00, 0x00, 0x05, 0x00, 0x00, 0x00,
    0x08, 0x00, 0x00, 0x00, 0x08, 0x00, 0x00, 0x00, 0x34, 0xd5, 0xff, 0xff,
    0x08, 0x00, 0x00, 0x00, 0x14, 0x00, 0x00, 0x00, 0x01, 0x00, 0x00, 0x00,
    0x04, 0x00, 0x00, 0x00, 0x00, 0x00, 0x00, 0x00, 0x00, 0x00, 0x00, 0x00,
    0x01, 0x00, 0x00, 0x00, 0xf4, 0x6b, 0xce, 0x3d, 0x55, 0x00, 0x00, 0x00,
    0x62, 0x63, 0x5f, 0x72, 0x65, 0x73, 0x6e, 0x65, 0x74, 0x5f, 0x6b, 0x77,
    0x73, 0x5f, 0x31, 0x2f, 0x73, 0x75, 0x62, 0x5f, 0x73, 0x70, 0x65, 0x63,
    0x74, 0x72, 0x61, 0x6c, 0x5f, 0x6e, 0x6f, 0x72, 0x6d, 0x5f, 0x31, 0x2f,
    0x74, 0x72, 0x75, 0x65, 0x64, 0x69, 0x76, 0x3b, 0x62, 0x63, 0x5f, 0x72,
    0x65, 0x73, 0x6e, 0x65, 0x74, 0x5f, 0x6b, 0x77, 0x73, 0x5f, 0x31, 0x2f,
    0x73, 0x75, 0x62, 0x5f, 0x73, 0x70, 0x65, 0x63, 0x74, 0x72, 0x61, 0x6c,
    0x5f, 0x6e, 0x6f, 0x72, 0x6d, 0x5f, 0x31, 0x2f, 0x53, 0x71, 0x72, 0x74,
    0x31, 0x00, 0x00, 0x00, 0x05, 0x00, 0x00, 0x00, 0x01, 0x00, 0x00, 0x00,
    0x32, 0x00, 0x00, 0x00, 0x05, 0x00, 0x00, 0x00, 0x08, 0x00, 0x00, 0x00,
    0x08, 0x00, 0x00, 0x00, 0x16, 0xd6, 0xff, 0xff, 0x00, 0x00, 0x00, 0x01,
    0x18, 0x00, 0x00, 0x00, 0x2c, 0x00, 0x00, 0x00, 0x4c, 0x00, 0x00, 0x00,
    0x38, 0x00, 0x00, 0x00, 0x00, 0x00, 0x00, 0x09, 0x9c, 0x00, 0x00, 0x00,
    0x05, 0x00, 0x00, 0x00, 0xff, 0xff, 0xff, 0xff, 0x01, 0x00, 0x00, 0x00,
    0x05, 0x00, 0x00, 0x00, 0x01, 0x00, 0x00, 0x00, 0x08, 0x00, 0x00, 0x00,
    0x04, 0xd6, 0xff, 0xff, 0x08, 0x00, 0x00, 0x00, 0x14, 0x00, 0x00, 0x00,
    0x01, 0x00, 0x00, 0x00, 0x80, 0xff, 0xff, 0xff, 0xff, 0xff, 0xff, 0xff,
    0x00, 0x00, 0x00, 0x00, 0x01, 0x00, 0x00, 0x00, 0xdb, 0xd3, 0xa1, 0x3e,
    0x54, 0x00, 0x00, 0x00, 0x62, 0x63, 0x5f, 0x72, 0x65, 0x73, 0x6e, 0x65,
    0x74, 0x5f, 0x6b, 0x77, 0x73, 0x5f, 0x31, 0x2f, 0x73, 0x75, 0x62, 0x5f,
    0x73, 0x70, 0x65, 0x63, 0x74, 0x72, 0x61, 0x6c, 0x5f, 0x6e, 0x6f, 0x72,
    0x6d, 0x5f, 0x31, 0x2f, 0x74, 0x72, 0x75, 0x65, 0x64, 0x69, 0x76, 0x3b,
    0x62, 0x63, 0x5f, 0x72, 0x65, 0x73, 0x6e, 0x65, 0x74, 0x5f, 0x6b, 0x77,
    0x73, 0x5f, 0x31, 0x2f, 0x73, 0x75, 0x62, 0x5f, 0x73, 0x70, 0x65, 0x63,
    0x74, 0x72, 0x61, 0x6c, 0x5f, 0x6e, 0x6f, 0x72, 0x6d, 0x5f, 0x31, 0x2f,
    0x53, 0x71, 0x72, 0x74, 0x00, 0x00, 0x00, 0x00, 0x05, 0x00, 0x00, 0x00,
    0x01, 0x00, 0x00, 0x00, 0x01, 0x00, 0x00, 0x00, 0x05, 0x00, 0x00, 0x00,
    0x01, 0x00, 0x00, 0x00, 0x08, 0x00, 0x00, 0x00, 0xe6, 0xd6, 0xff, 0xff,
    0x00, 0x00, 0x00, 0x01, 0x18, 0x00, 0x00, 0x00, 0x2c, 0x00, 0x00, 0x00,
    0x4c, 0x00, 0x00, 0x00, 0x37, 0x00, 0x00, 0x00, 0x00, 0x00, 0x00, 0x09,
    0x6c, 0x00, 0x00, 0x00, 0x05, 0x00, 0x00, 0x00, 0xff, 0xff, 0xff, 0xff,
    0x01, 0x00, 0x00, 0x00, 0x05, 0x00, 0x00, 0x00, 0x01, 0x00, 0x00, 0x00,
    0x08, 0x00, 0x00, 0x00, 0xd4, 0xd6, 0xff, 0xff, 0x08, 0x00, 0x00, 0x00,
    0x14, 0x00, 0x00, 0x00, 0x01, 0x00, 0x00, 0x00, 0x80, 0xff, 0xff, 0xff,
    0xff, 0xff, 0xff, 0xff, 0x00, 0x00, 0x00, 0x00, 0x01, 0x00, 0x00, 0x00,
    0x39, 0x1d, 0xe9, 0x3b, 0x27, 0x00, 0x00, 0x00, 0x62, 0x63, 0x5f, 0x72,
    0x65, 0x73, 0x6e, 0x65, 0x74, 0x5f, 0x6b, 0x77, 0x73, 0x5f, 0x31, 0x2f,
    0x73, 0x75, 0x62, 0x5f, 0x73, 0x70, 0x65, 0x63, 0x74, 0x72, 0x61, 0x6c,
    0x5f, 0x6e, 0x6f, 0x72, 0x6d, 0x5f, 0x31, 0x2f, 0x61, 0x64, 0x64, 0x00,
    0x05, 0x00, 0x00, 0x00, 0x01, 0x00, 0x00, 0x00, 0x01, 0x00, 0x00, 0x00,
    0x05, 0x00, 0x00, 0x00, 0x01, 0x00, 0x00, 0x00, 0x08, 0x00, 0x00, 0x00,
    0x86, 0xd7, 0xff, 0xff, 0x00, 0x00, 0x00, 0x01, 0x18, 0x00, 0x00, 0x00,
    0x2c, 0x00, 0x00, 0x00, 0x48, 0x00, 0x00, 0x00, 0x36, 0x00, 0x00, 0x00,
    0x00, 0x00, 0x00, 0x09, 0x7c, 0x00, 0x00, 0x00, 0x05, 0x00, 0x00, 0x00,
    0xff, 0xff, 0xff, 0xff, 0x01, 0x00, 0x00, 0x00, 0x05, 0x00, 0x00, 0x00,
    0x01, 0x00, 0x00, 0x00, 0x08, 0x00, 0x00, 0x00, 0x74, 0xd7, 0xff, 0xff,
    0x08, 0x00, 0x00, 0x00, 0x10, 0x00, 0x00, 0x00, 0x01, 0x00, 0x00, 0x00,
    0x80, 0xff, 0xff, 0xff, 0xff, 0xff, 0xff, 0xff, 0x01, 0x00, 0x00, 0x00,
    0x39, 0x1d, 0xe9, 0x3b, 0x3a, 0x00, 0x00, 0x00, 0x62, 0x63, 0x5f, 0x72,
    0x65, 0x73, 0x6e, 0x65, 0x74, 0x5f, 0x6b, 0x77, 0x73, 0x5f, 0x31, 0x2f,
    0x73, 0x75, 0x62, 0x5f, 0x73, 0x70, 0x65, 0x63, 0x74, 0x72, 0x61, 0x6c,
    0x5f, 0x6e, 0x6f, 0x72, 0x6d, 0x5f, 0x31, 0x2f, 0x72, 0x65, 0x64, 0x75,
    0x63, 0x65, 0x5f, 0x76, 0x61, 0x72, 0x69, 0x61, 0x6e, 0x63, 0x65, 0x2f,
    0x4d, 0x65, 0x61, 0x6e, 0x5f, 0x31, 0x00, 0x00, 0x05, 0x00, 0x00, 0x00,
    0x01, 0x00, 0x00, 0x00, 0x01, 0x00, 0x00, 0x00, 0x05, 0x00, 0x00, 0x00,
    0x01, 0x00, 0x00, 0x00, 0x08, 0x00, 0x00, 0x00, 0x36, 0xd8, 0xff, 0xff,
    0x00, 0x00, 0x00, 0x01, 0x18, 0x00, 0x00, 0x00, 0x2c, 0x00, 0x00, 0x00,
    0x48, 0x00, 0x00, 0x00, 0x35, 0x00, 0x00, 0x00, 0x00, 0x00, 0x00, 0x09,
    0x50, 0x00, 0x00, 0x00, 0x05, 0x00, 0x00, 0x00, 0xff, 0xff, 0xff, 0xff,
    0x32, 0x00, 0x00, 0x00, 0x05, 0x00, 0x00, 0x00, 0x08, 0x00, 0x00, 0x00,
    0x08, 0x00, 0x00, 0x00, 0x24, 0xd8, 0xff, 0xff, 0x08, 0x00, 0x00, 0x00,
    0x10, 0x00, 0x00, 0x00, 0x01, 0x00, 0x00, 0x00, 0x80, 0xff, 0xff, 0xff,
    0xff, 0xff, 0xff, 0xff, 0x01, 0x00, 0x00, 0x00, 0x5e, 0x9e, 0x15, 0x3e,
    0x0c, 0x00, 0x00, 0x00, 0x74, 0x66, 0x6c, 0x2e, 0x71, 0x75, 0x61, 0x6e,
    0x74, 0x69, 0x7a, 0x65, 0x00, 0x00, 0x00, 0x00, 0x05, 0x00, 0x00, 0x00,
    0x01, 0x00, 0x00, 0x00, 0x32, 0x00, 0x00, 0x00, 0x05, 0x00, 0x00, 0x00,
    0x08, 0x00, 0x00, 0x00, 0x08, 0x00, 0x00, 0x00, 0x36, 0xff, 0xff, 0xff,
    0x00, 0x00, 0x00, 0x01, 0x14, 0x00, 0x00, 0x00, 0x28, 0x00, 0x00, 0x00,
    0x28, 0x00, 0x00, 0x00, 0x34, 0x00, 0x00, 0x00, 0x98, 0x00, 0x00, 0x00,
    0x05, 0x00, 0x00, 0x00, 0xff, 0xff, 0xff, 0xff, 0x32, 0x00, 0x00, 0x00,
    0x05, 0x00, 0x00, 0x00, 0x08, 0x00, 0x00, 0x00, 0x08, 0x00, 0x00, 0x00,
    0x14, 0xd9, 0xff, 0xff, 0x72, 0x00, 0x00, 0x00, 0x62, 0x63, 0x5f, 0x72,
    0x65, 0x73, 0x6e, 0x65, 0x74, 0x5f, 0x6b, 0x77, 0x73, 0x5f, 0x31, 0x2f,
    0x73, 0x75, 0x62, 0x5f, 0x73, 0x70, 0x65, 0x63, 0x74, 0x72, 0x61, 0x6c,
    0x5f, 0x6e, 0x6f, 0x72, 0x6d, 0x5f, 0x31, 0x2f, 0x72, 0x65, 0x64, 0x75,
    0x63, 0x65, 0x5f, 0x76, 0x61, 0x72, 0x69, 0x61, 0x6e, 0x63, 0x65, 0x2f,
    0x53, 0x71, 0x75, 0x61, 0x72, 0x65, 0x3b, 0x62, 0x63, 0x5f, 0x72, 0x65,
    0x73, 0x6e, 0x65, 0x74, 0x5f, 0x6b, 0x77, 0x73, 0x5f, 0x31, 0x2f, 0x73,
    0x75, 0x62, 0x5f, 0x73, 0x70, 0x65, 0x63, 0x74, 0x72, 0x61, 0x6c, 0x5f,
    0x6e, 0x6f, 0x72, 0x6d, 0x5f, 0x31, 0x2f, 0x72, 0x65, 0x64, 0x75, 0x63,
    0x65, 0x5f, 0x76, 0x61, 0x72, 0x69, 0x61, 0x6e, 0x63, 0x65, 0x2f, 0x73,
    0x75, 0x62, 0x00, 0x00, 0x05, 0x00, 0x00, 0x00, 0x01, 0x00, 0x00, 0x00,
    0x32, 0x00, 0x00, 0x00, 0x05, 0x00, 0x00, 0x00, 0x08, 0x00, 0x00, 0x00,
    0x08, 0x00, 0x00, 0x00, 0x00, 0x00, 0x16, 0x00, 0x1c, 0x00, 0x18, 0x00,
    0x00, 0x00, 0x14, 0x00, 0x10, 0x00, 0x0c, 0x00, 0x00, 0x00, 0x00, 0x00,
    0x08, 0x00, 0x07, 0x00, 0x16, 0x00, 0x00, 0x00, 0x00, 0x00, 0x00, 0x01,
    0x14, 0x00, 0x00, 0x00, 0x28, 0x00, 0x00, 0x00, 0x28, 0x00, 0x00, 0x00,
    0x33, 0x00, 0x00, 0x00, 0x34, 0x00, 0x00, 0x00, 0x05, 0x00, 0x00, 0x00,
    0xff, 0xff, 0xff, 0xff, 0x32, 0x00, 0x00, 0x00, 0x05, 0x00, 0x00, 0x00,
    0x08, 0x00, 0x00, 0x00, 0x08, 0x00, 0x00, 0x00, 0xf4, 0xd9, 0xff, 0xff,
    0x0e, 0x00, 0x00, 0x00, 0x74, 0x66, 0x6c, 0x2e, 0x64, 0x65, 0x71, 0x75,
    0x61, 0x6e, 0x74, 0x69, 0x7a, 0x65, 0x00, 0x00, 0x05, 0x00, 0x00, 0x00,
    0x01, 0x00, 0x00, 0x00, 0x32, 0x00, 0x00, 0x00, 0x05, 0x00, 0x00, 0x00,
    0x08, 0x00, 0x00, 0x00, 0x08, 0x00, 0x00, 0x00, 0xfe, 0xd9, 0xff, 0xff,
    0x00, 0x00, 0x00, 0x01, 0x18, 0x00, 0x00, 0x00, 0x2c, 0x00, 0x00, 0x00,
    0x4c, 0x00, 0x00, 0x00, 0x32, 0x00, 0x00, 0x00, 0x00, 0x00, 0x00, 0x09,
    0x6c, 0x00, 0x00, 0x00, 0x05, 0x00, 0x00, 0x00, 0xff, 0xff, 0xff, 0xff,
    0x32, 0x00, 0x00, 0x00, 0x05, 0x00, 0x00, 0x00, 0x08, 0x00, 0x00, 0x00,
    0x08, 0x00, 0x00, 0x00, 0xec, 0xd9, 0xff, 0xff, 0x08, 0x00, 0x00, 0x00,
    0x14, 0x00, 0x00, 0x00, 0x01, 0x00, 0x00, 0x00, 0xf8, 0xff, 0xff, 0xff,
    0xff, 0xff, 0xff, 0xff, 0x00, 0x00, 0x00, 0x00, 0x01, 0x00, 0x00, 0x00,
    0x58, 0x69, 0x39, 0x3d, 0x27, 0x00, 0x00, 0x00, 0x62, 0x63, 0x5f, 0x72,
    0x65, 0x73, 0x6e, 0x65, 0x74, 0x5f, 0x6b, 0x77, 0x73, 0x5f, 0x31, 0x2f,
    0x73, 0x75, 0x62, 0x5f, 0x73, 0x70, 0x65, 0x63, 0x74, 0x72, 0x61, 0x6c,
    0x5f, 0x6e, 0x6f, 0x72, 0x6d, 0x5f, 0x31, 0x2f, 0x73, 0x75, 0x62, 0x00,
    0x05, 0x00, 0x00, 0x00, 0x01, 0x00, 0x00, 0x00, 0x32, 0x00, 0x00, 0x00,
    0x05, 0x00, 0x00, 0x00, 0x08, 0x00, 0x00, 0x00, 0x08, 0x00, 0x00, 0x00,
    0x9e, 0xda, 0xff, 0xff, 0x00, 0x00, 0x00, 0x01, 0x18, 0x00, 0x00, 0x00,
    0x2c, 0x00, 0x00, 0x00, 0x48, 0x00, 0x00, 0x00, 0x31, 0x00, 0x00, 0x00,
    0x00, 0x00, 0x00, 0x09, 0x6c, 0x00, 0x00, 0x00, 0x05, 0x00, 0x00, 0x00,
    0xff, 0xff, 0xff, 0xff, 0x01, 0x00, 0x00, 0x00, 0x05, 0x00, 0x00, 0x00,
    0x01, 0x00, 0x00, 0x00, 0x08, 0x00, 0x00, 0x00, 0x8c, 0xda, 0xff, 0xff,
    0x08, 0x00, 0x00, 0x00, 0x10, 0x00, 0x00, 0x00, 0x01, 0x00, 0x00, 0x00,
    0xc0, 0xff, 0xff, 0xff, 0xff, 0xff, 0xff, 0xff, 0x01, 0x00, 0x00, 0x00,
    0xfa, 0x31, 0x92, 0x3b, 0x28, 0x00, 0x00, 0x00, 0x62, 0x63, 0x5f, 0x72,
    0x65, 0x73, 0x6e, 0x65, 0x74, 0x5f, 0x6b, 0x77, 0x73, 0x5f, 0x31, 0x2f,
    0x73, 0x75, 0x62, 0x5f, 0x73, 0x70, 0x65, 0x63, 0x74, 0x72, 0x61, 0x6c,
    0x5f, 0x6e, 0x6f, 0x72, 0x6d, 0x5f, 0x31, 0x2f, 0x4d, 0x65, 0x61, 0x6e,
    0x00, 0x00, 0x00, 0x00, 0x05, 0x00, 0x00, 0x00, 0x01, 0x00, 0x00, 0x00,
    0x01, 0x00, 0x00, 0x00, 0x05, 0x00, 0x00, 0x00, 0x01, 0x00, 0x00, 0x00,
    0x08, 0x00, 0x00, 0x00, 0x3e, 0xdb, 0xff, 0xff, 0x00, 0x00, 0x00, 0x01,
    0x18, 0x00, 0x00, 0x00, 0x2c, 0x00, 0x00, 0x00, 0x48, 0x00, 0x00, 0x00,
    0x30, 0x00, 0x00, 0x00, 0x00, 0x00, 0x00, 0x09, 0x6c, 0x00, 0x00, 0x00,
    0x05, 0x00, 0x00, 0x00, 0xff, 0xff, 0xff, 0xff, 0x32, 0x00, 0x00, 0x00,
    0x05, 0x00, 0x00, 0x00, 0x08, 0x00, 0x00, 0x00, 0x08, 0x00, 0x00, 0x00,
    0x2c, 0xdb, 0xff, 0xff, 0x08, 0x00, 0x00, 0x00, 0x10, 0x00, 0x00, 0x00,
    0x01, 0x00, 0x00, 0x00, 0xf7, 0xff, 0xff, 0xff, 0xff, 0xff, 0xff, 0xff,
    0x01, 0x00, 0x00, 0x00, 0x1e, 0xb2, 0x3f, 0x3d, 0x2b, 0x00, 0x00, 0x00,
    0x62, 0x63, 0x5f, 0x72, 0x65, 0x73, 0x6e, 0x65, 0x74, 0x5f, 0x6b, 0x77,
    0x73, 0x5f, 0x31, 0x2f, 0x73, 0x75, 0x62, 0x5f, 0x73, 0x70, 0x65, 0x63,
    0x74, 0x72, 0x61, 0x6c, 0x5f, 0x6e, 0x6f, 0x72, 0x6d, 0x5f, 0x31, 0x2f,
    0x52, 0x65, 0x73, 0x68, 0x61, 0x70, 0x65, 0x00, 0x05, 0x00, 0x00, 0x00,
    0x01, 0x00, 0x00, 0x00, 0x32, 0x00, 0x00, 0x00, 0x05, 0x00, 0x00, 0x00,
    0x08, 0x00, 0x00, 0x00, 0x08, 0x00, 0x00, 0x00, 0x36, 0xdc, 0xff, 0xff,
    0x00, 0x00, 0x00, 0x01, 0x14, 0x00, 0x00, 0x00, 0x14, 0x00, 0x00, 0x00,
    0x2f, 0x00, 0x00, 0x00, 0x00, 0x00, 0x00, 0x02, 0x40, 0x00, 0x00, 0x00,
    0x20, 0xdc, 0xff, 0xff, 0x31, 0x00, 0x00, 0x00, 0x62, 0x63, 0x5f, 0x72,
    0x65, 0x73, 0x6e, 0x65, 0x74, 0x5f, 0x6b, 0x77, 0x73, 0x5f, 0x31, 0x2f,
    0x73, 0x75, 0x62, 0x5f, 0x73, 0x70, 0x65, 0x63, 0x74, 0x72, 0x61, 0x6c,
    0x5f, 0x6e, 0x6f, 0x72, 0x6d, 0x5f, 0x31, 0x2f, 0x52, 0x65, 0x73, 0x68,
    0x61, 0x70, 0x65, 0x2f, 0x73, 0x68, 0x61, 0x70, 0x65, 0x00, 0x00, 0x00,
    0x01, 0x00, 0x00, 0x00, 0x05, 0x00, 0x00, 0x00, 0x96, 0xdc, 0xff, 0xff,
    0x00, 0x00, 0x00, 0x01, 0x14, 0x00, 0x00, 0x00, 0x14, 0x00, 0x00, 0x00,
    0x2e, 0x00, 0x00, 0x00, 0x00, 0x00, 0x00, 0x02, 0x40, 0x00, 0x00, 0x00,
    0x80, 0xdc, 0xff, 0xff, 0x31, 0x00, 0x00, 0x00, 0x62, 0x63, 0x5f, 0x72,
    0x65, 0x73, 0x6e, 0x65, 0x74, 0x5f, 0x6b, 0x77, 0x73, 0x5f, 0x31, 0x2f,
    0x73, 0x75, 0x62, 0x5f, 0x73, 0x70, 0x65, 0x63, 0x74, 0x72, 0x61, 0x6c,
    0x5f, 0x6e, 0x6f, 0x72, 0x6d, 0x5f, 0x31, 0x2f, 0x73, 0x74, 0x72, 0x69,
    0x64, 0x65, 0x64, 0x5f, 0x73, 0x6c, 0x69, 0x63, 0x65, 0x00, 0x00, 0x00,
    0x00, 0x00, 0x00, 0x00, 0xf2, 0xdc, 0xff, 0xff, 0x00, 0x00, 0x00, 0x01,
    0x14, 0x00, 0x00, 0x00, 0x14, 0x00, 0x00, 0x00, 0x2d, 0x00, 0x00, 0x00,
    0x00, 0x00, 0x00, 0x02, 0x38, 0x00, 0x00, 0x00, 0xdc, 0xdc, 0xff, 0xff,
    0x29, 0x00, 0x00, 0x00, 0x62, 0x63, 0x5f, 0x72, 0x65, 0x73, 0x6e, 0x65,
    0x74, 0x5f, 0x6b, 0x77, 0x73, 0x5f, 0x31, 0x2f, 0x73, 0x75, 0x62, 0x5f,
    0x73, 0x70, 0x65, 0x63, 0x74, 0x72, 0x61, 0x6c, 0x5f, 0x6e, 0x6f, 0x72,
    0x6d, 0x5f, 0x31, 0x2f, 0x53, 0x68, 0x61, 0x70, 0x65, 0x00, 0x00, 0x00,
    0x01, 0x00, 0x00, 0x00, 0x04, 0x00, 0x00, 0x00, 0xf2, 0xdc, 0xff, 0xff,
    0x00, 0x00, 0x00, 0x01, 0x18, 0x00, 0x00, 0x00, 0x28, 0x00, 0x00, 0x00,
    0x48, 0x00, 0x00, 0x00, 0x2c, 0x00, 0x00, 0x00, 0x00, 0x00, 0x00, 0x09,
    0x70, 0x00, 0x00, 0x00, 0x04, 0x00, 0x00, 0x00, 0xff, 0xff, 0xff, 0xff,
    0x32, 0x00, 0x00, 0x00, 0x28, 0x00, 0x00, 0x00, 0x08, 0x00, 0x00, 0x00,
    0xdc, 0xdc, 0xff, 0xff, 0x08, 0x00, 0x00, 0x00, 0x14, 0x00, 0x00, 0x00,
    0x01, 0x00, 0x00, 0x00, 0xf7, 0xff, 0xff, 0xff, 0xff, 0xff, 0xff, 0xff,
    0x00, 0x00, 0x00, 0x00, 0x01, 0x00, 0x00, 0x00, 0x1e, 0xb2, 0x3f, 0x3d,
    0x2d, 0x00, 0x00, 0x00, 0x62, 0x63, 0x5f, 0x72, 0x65, 0x73, 0x6e, 0x65,
    0x74, 0x5f, 0x6b, 0x77, 0x73, 0x5f, 0x31, 0x2f, 0x64, 0x65, 0x70, 0x74,
    0x68, 0x77, 0x69, 0x73, 0x65, 0x5f, 0x63, 0x6f, 0x6e, 0x76, 0x32, 0x64,
    0x5f, 0x31, 0x2f, 0x64, 0x65, 0x70, 0x74, 0x68, 0x77, 0x69, 0x73, 0x65,
    0x31, 0x00, 0x00, 0x00, 0x04, 0x00, 0x00, 0x00, 0x01, 0x00, 0x00, 0x00,
    0x32, 0x00, 0x00, 0x00, 0x28, 0x00, 0x00, 0x00, 0x08, 0x00, 0x00, 0x00,
    0x92, 0xdd, 0xff, 0xff, 0x00, 0x00, 0x00, 0x01, 0x18, 0x00, 0x00, 0x00,
    0x28, 0x00, 0x00, 0x00, 0x44, 0x00, 0x00, 0x00, 0x2b, 0x00, 0x00, 0x00,
    0x00, 0x00, 0x00, 0x09, 0xf0, 0x00, 0x00, 0x00, 0x04, 0x00, 0x00, 0x00,
    0xff, 0xff, 0xff, 0xff, 0x32, 0x00, 0x00, 0x00, 0x28, 0x00, 0x00, 0x00,
    0x08, 0x00, 0x00, 0x00, 0x7c, 0xdd, 0xff, 0xff, 0x08, 0x00, 0x00, 0x00,
    0x10, 0x00, 0x00, 0x00, 0x01, 0x00, 0x00, 0x00, 0x80, 0xff, 0xff, 0xff,
    0xff, 0xff, 0xff, 0xff, 0x01, 0x00, 0x00, 0x00, 0x59, 0xf9, 0x08, 0x3d,
    0xb1, 0x00, 0x00, 0x00, 0x62, 0x63, 0x5f, 0x72, 0x65, 0x73, 0x6e, 0x65,
    0x74, 0x5f, 0x6b, 0x77, 0x73, 0x5f, 0x31, 0x2f, 0x61, 0x63, 0x74, 0x69,
    0x76, 0x61, 0x74, 0x69, 0x6f, 0x6e, 0x5f, 0x31, 0x2f, 0x52, 0x65, 0x6c,
    0x75, 0x3b, 0x62, 0x63, 0x5f, 0x72, 0x65, 0x73, 0x6e, 0x65, 0x74, 0x5f,
    0x6b, 0x77, 0x73, 0x5f, 0x31, 0x2f, 0x62, 0x61, 0x74, 0x63, 0x68, 0x5f,
    0x6e, 0x6f, 0x72, 0x6d, 0x61, 0x6c, 0x69, 0x7a, 0x61, 0x74, 0x69, 0x6f,
    0x6e, 0x5f, 0x31, 0x2f, 0x62, 0x61, 0x74, 0x63, 0x68, 0x6e, 0x6f, 0x72,
    0x6d, 0x2f, 0x61, 0x64, 0x64, 0x5f, 0x31, 0x3b, 0x62, 0x63, 0x5f, 0x72,
    0x65, 0x73, 0x6e, 0x65, 0x74, 0x5f, 0x6b, 0x77, 0x73, 0x5f, 0x31, 0x2f,
    0x63, 0x6f, 0x6e, 0x76, 0x32, 0x64, 0x5f, 0x31, 0x2f, 0x63, 0x6f, 0x6e,
    0x76, 0x6f, 0x6c, 0x75, 0x74, 0x69, 0x6f, 0x6e, 0x3b, 0x62, 0x63, 0x5f,
    0x72, 0x65, 0x73, 0x6e, 0x65, 0x74, 0x5f, 0x6b, 0x77, 0x73, 0x5f, 0x31,
    0x2f, 0x62, 0x61, 0x74, 0x63, 0x68, 0x5f, 0x6e, 0x6f, 0x72, 0x6d, 0x61,
    0x6c, 0x69, 0x7a, 0x61, 0x74, 0x69, 0x6f, 0x6e, 0x5f, 0x31, 0x2f, 0x62,
    0x61, 0x74, 0x63, 0x68, 0x6e, 0x6f, 0x72, 0x6d, 0x2f, 0x73, 0x75, 0x62,
    0x31, 0x00, 0x00, 0x00, 0x04, 0x00, 0x00, 0x00, 0x01, 0x00, 0x00, 0x00,
    0x32, 0x00, 0x00, 0x00, 0x28, 0x00, 0x00, 0x00, 0x08, 0x00, 0x00, 0x00,
    0x0a, 0xdf, 0xff, 0xff, 0x00, 0x00, 0x00, 0x01, 0x14, 0x00, 0x00, 0x00,
    0x84, 0x00, 0x00, 0x00, 0x2a, 0x00, 0x00, 0x00, 0x00, 0x00, 0x00, 0x09,
    0xa4, 0x00, 0x00, 0x00, 0x84, 0xde, 0xff, 0xff, 0x08, 0x00, 0x00, 0x00,
    0x48, 0x00, 0x00, 0x00, 0x08, 0x00, 0x00, 0x00, 0x00, 0x00, 0x00, 0x00,
    0x00, 0x00, 0x00, 0x00, 0x00, 0x00, 0x00, 0x00, 0x00, 0x00, 0x00, 0x00,
    0x00, 0x00, 0x00, 0x00, 0x00, 0x00, 0x00, 0x00, 0x00, 0x00, 0x00, 0x00,
    0x00, 0x00, 0x00, 0x00, 0x00, 0x00, 0x00, 0x00, 0x00, 0x00, 0x00, 0x00,
    0x00, 0x00, 0x00, 0x00, 0x00, 0x00, 0x00, 0x00, 0x00, 0x00, 0x00, 0x00,
    0x00, 0x00, 0x00, 0x00, 0x00, 0x00, 0x00, 0x00, 0x00, 0x00, 0x00, 0x00,
    0x08, 0x00, 0x00, 0x00, 0x88, 0xf1, 0xab, 0x3b, 0x43, 0x78, 0x3b, 0x3b,
    0xbb, 0xe6, 0x04, 0x3b, 0xf5, 0xe5, 0x65, 0x3b, 0xd5, 0xa8, 0x7c, 0x3b,
    0xff, 0x78, 0x9f, 0x3b, 0x24, 0x73, 0x5d, 0x3b, 0x1f, 0x24, 0x97, 0x3b,
    0x24, 0x00, 0x00, 0x00, 0x62, 0x63, 0x5f, 0x72, 0x65, 0x73, 0x6e, 0x65,
    0x74, 0x5f, 0x6b, 0x77, 0x73, 0x5f, 0x31, 0x2f, 0x63, 0x6f, 0x6e, 0x76,
    0x32, 0x64, 0x5f, 0x31, 0x2f, 0x63, 0x6f, 0x6e, 0x76, 0x6f, 0x6c, 0x75,
    0x74, 0x69, 0x6f, 0x6e, 0x00, 0x00, 0x00, 0x00, 0x04, 0x00, 0x00, 0x00,
    0x08, 0x00, 0x00, 0x00, 0x05, 0x00, 0x00, 0x00, 0x05, 0x00, 0x00, 0x00,
    0x01, 0x00, 0x00, 0x00, 0xda, 0xdf, 0xff, 0xff, 0x00, 0x00, 0x00, 0x01,
    0x14, 0x00, 0x00, 0x00, 0x88, 0x00, 0x00, 0x00, 0x29, 0x00, 0x00, 0x00,
    0x00, 0x00, 0x00, 0x02, 0x34, 0x01, 0x00, 0x00, 0x54, 0xdf, 0xff, 0xff,
    0x08, 0x00, 0x00, 0x00, 0x4c, 0x00, 0x00, 0x00, 0x08, 0x00, 0x00, 0x00,
    0x00, 0x00, 0x00, 0x00, 0x00, 0x00, 0x00, 0x00, 0x00, 0x00, 0x00, 0x00,
    0x00, 0x00, 0x00, 0x00, 0x00, 0x00, 0x00, 0x00, 0x00, 0x00, 0x00, 0x00,
    0x00, 0x00, 0x00, 0x00, 0x00, 0x00, 0x00, 0x00, 0x00, 0x00, 0x00, 0x00,
    0x00, 0x00, 0x00, 0x00, 0x00, 0x00, 0x00, 0x00, 0x00, 0x00, 0x00, 0x00,
    0x00, 0x00, 0x00, 0x00, 0x00, 0x00, 0x00, 0x00, 0x00, 0x00, 0x00, 0x00,
    0x00, 0x00, 0x00, 0x00, 0x00, 0x00, 0x00, 0x00, 0x08, 0x00, 0x00, 0x00,
    0xd8, 0x43, 0xe3, 0x38, 0x6a, 0xc9, 0x77, 0x38, 0x4a, 0xa9, 0x2f, 0x38,
    0xe4, 0xee, 0x97, 0x38, 0xb4, 0xf9, 0xa6, 0x38, 0x22, 0xc8, 0xd2, 0x38,
    0x8c, 0x59, 0x92, 0x38, 0x06, 0xc5, 0xc7, 0x38, 0xb0, 0x00, 0x00, 0x00,
    0x62, 0x63, 0x5f, 0x72, 0x65, 0x73, 0x6e, 0x65, 0x74, 0x5f, 0x6b, 0x77,
    0x73, 0x5f, 0x31, 0x2f, 0x61, 0x63, 0x74, 0x69, 0x76, 0x61, 0x74, 0x69,
    0x6f, 0x6e, 0x5f, 0x31, 0x2f, 0x52, 0x65, 0x6c, 0x75, 0x3b, 0x62, 0x63,
    0x5f, 0x72, 0x65, 0x73, 0x6e, 0x65, 0x74, 0x5f, 0x6b, 0x77, 0x73, 0x5f,
    0x31, 0x2f, 0x62, 0x61, 0x74, 0x63, 0x68, 0x5f, 0x6e, 0x6f, 0x72, 0x6d,
    0x61, 0x6c, 0x69, 0x7a, 0x61, 0x74, 0x69, 0x6f, 0x6e, 0x5f, 0x31, 0x2f,
    0x62, 0x61, 0x74, 0x63, 0x68, 0x6e, 0x6f, 0x72, 0x6d, 0x2f, 0x61, 0x64,
    0x64, 0x5f, 0x31, 0x3b, 0x62, 0x63, 0x5f, 0x72, 0x65, 0x73, 0x6e, 0x65,
    0x74, 0x5f, 0x6b, 0x77, 0x73, 0x5f, 0x31, 0x2f, 0x63, 0x6f, 0x6e, 0x76,
    0x32, 0x64, 0x5f, 0x31, 0x2f, 0x63, 0x6f, 0x6e, 0x76, 0x6f, 0x6c, 0x75,
    0x74, 0x69, 0x6f, 0x6e, 0x3b, 0x62, 0x63, 0x5f, 0x72, 0x65, 0x73, 0x6e,
    0x65, 0x74, 0x5f, 0x6b, 0x77, 0x73, 0x5f, 0x31, 0x2f, 0x62, 0x61, 0x74,
    0x63, 0x68, 0x5f, 0x6e, 0x6f, 0x72, 0x6d, 0x61, 0x6c, 0x69, 0x7a, 0x61,
    0x74, 0x69, 0x6f, 0x6e, 0x5f, 0x31, 0x2f, 0x62, 0x61, 0x74, 0x63, 0x68,
    0x6e, 0x6f, 0x72, 0x6d, 0x2f, 0x73, 0x75, 0x62, 0x00, 0x00, 0x00, 0x00,
    0x01, 0x00, 0x00, 0x00, 0x08, 0x00, 0x00, 0x00, 0x2e, 0xe1, 0xff, 0xff,
    0x00, 0x00, 0x00, 0x01, 0x14, 0x00, 0x00, 0x00, 0x88, 0x00, 0x00, 0x00,
    0x28, 0x00, 0x00, 0x00, 0x00, 0x00, 0x00, 0x09, 0xb0, 0x00, 0x00, 0x00,
    0x8a, 0xec, 0xff, 0xff, 0x03, 0x00, 0x00, 0x00, 0x08, 0x00, 0x00, 0x00,
    0x48, 0x00, 0x00, 0x00, 0x08, 0x00, 0x00, 0x00, 0x00, 0x00, 0x00, 0x00,
    0x00, 0x00, 0x00, 0x00, 0x00, 0x00, 0x00, 0x00, 0x00, 0x00, 0x00, 0x00,
    0x00, 0x00, 0x00, 0x00, 0x00, 0x00, 0x00, 0x00, 0x00, 0x00, 0x00, 0x00,
    0x00, 0x00, 0x00, 0x00, 0x00, 0x00, 0x00, 0x00, 0x00, 0x00, 0x00, 0x00,
    0x00, 0x00, 0x00, 0x00, 0x00, 0x00, 0x00, 0x00, 0x00, 0x00, 0x00, 0x00,
    0x00, 0x00, 0x00, 0x00, 0x00, 0x00, 0x00, 0x00, 0x00, 0x00, 0x00, 0x00,
    0x08, 0x00, 0x00, 0x00, 0x48, 0xb5, 0x90, 0x3b, 0x94, 0x12, 0x81, 0x3b,
    0x03, 0x27, 0x68, 0x3b, 0x80, 0x6f, 0x3d, 0x3b, 0x62, 0x13, 0x4a, 0x3b,
    0x81, 0x1c, 0x85, 0x3b, 0x9a, 0xa8, 0xa8, 0x3a, 0xf7, 0xb4, 0x4c, 0x3b,
    0x2c, 0x00, 0x00, 0x00, 0x62, 0x63, 0x5f, 0x72, 0x65, 0x73, 0x6e, 0x65,
    0x74, 0x5f, 0x6b, 0x77, 0x73, 0x5f, 0x31, 0x2f, 0x64, 0x65, 0x70, 0x74,
    0x68, 0x77, 0x69, 0x73, 0x65, 0x5f, 0x63, 0x6f, 0x6e, 0x76, 0x32, 0x64,
    0x5f, 0x31, 0x2f, 0x64, 0x65, 0x70, 0x74, 0x68, 0x77, 0x69, 0x73, 0x65,
    0x00, 0x00, 0x00, 0x00, 0x04, 0x00, 0x00, 0x00, 0x01, 0x00, 0x00, 0x00,
    0x01, 0x00, 0x00, 0x00, 0x03, 0x00, 0x00, 0x00, 0x08, 0x00, 0x00, 0x00,
    0x0a, 0xe2, 0xff, 0xff, 0x00, 0x00, 0x00, 0x01, 0x14, 0x00, 0x00, 0x00,
    0x84, 0x00, 0x00, 0x00, 0x26, 0x00, 0x00, 0x00, 0x00, 0x00, 0x00, 0x02,
    0x90, 0x00, 0x00, 0x00, 0x84, 0xe1, 0xff, 0xff, 0x08, 0x00, 0x00, 0x00,
    0x48, 0x00, 0x00, 0x00, 0x08, 0x00, 0x00, 0x00, 0x00, 0x00, 0x00, 0x00,
    0x00, 0x00, 0x00, 0x00, 0x00, 0x00, 0x00, 0x00, 0x00, 0x00, 0x00, 0x00,
    0x00, 0x00, 0x00, 0x00, 0x00, 0x00, 0x00, 0x00, 0x00, 0x00, 0x00, 0x00,
    0x00, 0x00, 0x00, 0x00, 0x00, 0x00, 0x00, 0x00, 0x00, 0x00, 0x00, 0x00,
    0x00, 0x00, 0x00, 0x00, 0x00, 0x00, 0x00, 0x00, 0x00, 0x00, 0x00, 0x00,
    0x00, 0x00, 0x00, 0x00, 0x00, 0x00, 0x00, 0x00, 0x00, 0x00, 0x00, 0x00,
    0x08, 0x00, 0x00, 0x00, 0x4b, 0x24, 0x03, 0x39, 0x36, 0x51, 0x10, 0x39,
    0xa5, 0xd4, 0x3e, 0x39, 0x53, 0x8e, 0xfc, 0x38, 0xae, 0x0b, 0x18, 0x39,
    0xd2, 0xb3, 0x0c, 0x39, 0x33, 0xf1, 0x96, 0x38, 0x8d, 0x09, 0x3b, 0x38,
    0x10, 0x00, 0x00, 0x00, 0x61, 0x72, 0x69, 0x74, 0x68, 0x2e, 0x63, 0x6f,
    0x6e, 0x73, 0x74, 0x61, 0x6e, 0x74, 0x39, 0x31, 0x00, 0x00, 0x00, 0x00,
    0x01, 0x00, 0x00, 0x00, 0x08, 0x00, 0x00, 0x00, 0xba, 0xe2, 0xff, 0xff,
    0x00, 0x00, 0x00, 0x01, 0x14, 0x00, 0x00, 0x00, 0x88, 0x00, 0x00, 0x00,
    0x26, 0x00, 0x00, 0x00, 0x00, 0x00, 0x00, 0x02, 0x90, 0x00, 0x00, 0x00,
    0x34, 0xe2, 0xff, 0xff, 0x08, 0x00, 0x00, 0x00, 0x4c, 0x00, 0x00, 0x00,
    0x08, 0x00, 0x00, 0x00, 0x00, 0x00, 0x00, 0x00, 0x00, 0x00, 0x00, 0x00,
    0x00, 0x00, 0x00, 0x00, 0x00, 0x00, 0x00, 0x00, 0x00, 0x00, 0x00, 0x00,
    0x00, 0x00, 0x00, 0x00, 0x00, 0x00, 0x00, 0x00, 0x00, 0x00, 0x00, 0x00,
    0x00, 0x00, 0x00, 0x00, 0x00, 0x00, 0x00, 0x00, 0x00, 0x00, 0x00, 0x00,
    0x00, 0x00, 0x00, 0x00, 0x00, 0x00, 0x00, 0x00, 0x00, 0x00, 0x00, 0x00,
    0x00, 0x00, 0x00, 0x00, 0x00, 0x00, 0x00, 0x00, 0x00, 0x00, 0x00, 0x00,
    0x08, 0x00, 0x00, 0x00, 0x82, 0xda, 0x1a, 0x39, 0x2d, 0x1f, 0x0a, 0x39,
    0xb0, 0x6d, 0xf8, 0x38, 0x7f, 0xb7, 0xca, 0x38, 0x3e, 0x3e, 0xd8, 0x38,
    0x97, 0x71, 0x0e, 0x39, 0xb1, 0x7b, 0x34, 0x38, 0x0d, 0x0f, 0xdb, 0x38,
    0x0f, 0x00, 0x00, 0x00, 0x61, 0x72, 0x69, 0x74, 0x68, 0x2e, 0x63, 0x6f,
    0x6e, 0x73, 0x74, 0x61, 0x6e, 0x74, 0x39, 0x00, 0x01, 0x00, 0x00, 0x00,
    0x08, 0x00, 0x00, 0x00, 0x6a, 0xe3, 0xff, 0xff, 0x00, 0x00, 0x00, 0x01,
    0x14, 0x00, 0x00, 0x00, 0x34, 0x00, 0x00, 0x00, 0x25, 0x00, 0x00, 0x00,
    0x00, 0x00, 0x00, 0x09, 0x3c, 0x00, 0x00, 0x00, 0xe4, 0xe2, 0xff, 0xff,
    0x08, 0x00, 0x00, 0x00, 0x14, 0x00, 0x00, 0x00, 0x01, 0x00, 0x00, 0x00,
    0x80, 0xff, 0xff, 0xff, 0xff, 0xff, 0xff, 0xff, 0x00, 0x00, 0x00, 0x00,
    0x01, 0x00, 0x00, 0x00, 0x1a, 0x6e, 0x28, 0x33, 0x0f, 0x00, 0x00, 0x00,
    0x61, 0x72, 0x69, 0x74, 0x68, 0x2e, 0x63, 0x6f, 0x6e, 0x73, 0x74, 0x61,
    0x6e, 0x74, 0x35, 0x00, 0x00, 0x00, 0x00, 0x00, 0xc2, 0xe3, 0xff, 0xff,
    0x00, 0x00, 0x00, 0x01, 0x14, 0x00, 0x00, 0x00, 0x34, 0x00, 0x00, 0x00,
    0x24, 0x00, 0x00, 0x00, 0x00, 0x00, 0x00, 0x09, 0x64, 0x00, 0x00, 0x00,
    0x3c, 0xe3, 0xff, 0xff, 0x08, 0x00, 0x00, 0x00, 0x14, 0x00, 0x00, 0x00,
    0x01, 0x00, 0x00, 0x00, 0x80, 0xff, 0xff, 0xff, 0xff, 0xff, 0xff, 0xff,
    0x00, 0x00, 0x00, 0x00, 0x01, 0x00, 0x00, 0x00, 0xb9, 0x7d, 0x8b, 0x3b,
    0x36, 0x00, 0x00, 0x00, 0x62, 0x63, 0x5f, 0x72, 0x65, 0x73, 0x6e, 0x65,
    0x74, 0x5f, 0x6b, 0x77, 0x73, 0x5f, 0x31, 0x2f, 0x73, 0x75, 0x62, 0x5f,
    0x73, 0x70, 0x65, 0x63, 0x74, 0x72, 0x61, 0x6c, 0x5f, 0x6e, 0x6f, 0x72,
    0x6d, 0x5f, 0x31, 0x2f, 0x6d, 0x75, 0x6c, 0x2f, 0x52, 0x65, 0x61, 0x64,
    0x56, 0x61, 0x72, 0x69, 0x61, 0x62, 0x6c, 0x65, 0x4f, 0x70, 0x00, 0x00,
    0x04, 0x00, 0x00, 0x00, 0x01, 0x00, 0x00, 0x00, 0x01, 0x00, 0x00, 0x00,
    0x01, 0x00, 0x00, 0x00, 0x08, 0x00, 0x00, 0x00, 0x52, 0xe4, 0xff, 0xff,
    0x00, 0x00, 0x00, 0x01, 0x14, 0x00, 0x00, 0x00, 0x30, 0x00, 0x00, 0x00,
    0x23, 0x00, 0x00, 0x00, 0x00, 0x00, 0x00, 0x09, 0x64, 0x00, 0x00, 0x00,
    0xcc, 0xe3, 0xff, 0xff, 0x08, 0x00, 0x00, 0x00, 0x10, 0x00, 0x00, 0x00,
    0x01, 0x00, 0x00, 0x00, 0xb4, 0xff, 0xff, 0xff, 0xff, 0xff, 0xff, 0xff,
    0x01, 0x00, 0x00, 0x00, 0xca, 0x10, 0x81, 0x39, 0x38, 0x00, 0x00, 0x00,
    0x62, 0x63, 0x5f, 0x72, 0x65, 0x73, 0x6e, 0x65, 0x74, 0x5f, 0x6b, 0x77,
    0x73, 0x5f, 0x31, 0x2f, 0x73, 0x75, 0x62, 0x5f, 0x73, 0x70, 0x65, 0x63,
    0x74, 0x72, 0x61, 0x6c, 0x5f, 0x6e, 0x6f, 0x72, 0x6d, 0x5f, 0x31, 0x2f,
    0x61, 0x64, 0x64, 0x5f, 0x31, 0x2f, 0x52, 0x65, 0x61, 0x64, 0x56, 0x61,
    0x72, 0x69, 0x61, 0x62, 0x6c, 0x65, 0x4f, 0x70, 0x00, 0x00, 0x00, 0x00,
    0x04, 0x00, 0x00, 0x00, 0x01, 0x00, 0x00, 0x00, 0x01, 0x00, 0x00, 0x00,
    0x01, 0x00, 0x00, 0x00, 0x08, 0x00, 0x00, 0x00, 0xe2, 0xe4, 0xff, 0xff,
    0x00, 0x00, 0x00, 0x01, 0x14, 0x00, 0x00, 0x00, 0x84, 0x00, 0x00, 0x00,
    0x22, 0x00, 0x00, 0x00, 0x00, 0x00, 0x00, 0x09, 0xa4, 0x00, 0x00, 0x00,
    0x5c, 0xe4, 0xff, 0xff, 0x08, 0x00, 0x00, 0x00, 0x48, 0x00, 0x00, 0x00,
    0x08, 0x00, 0x00, 0x00, 0x00, 0x00, 0x00, 0x00, 0x00, 0x00, 0x00, 0x00,
    0x00, 0x00, 0x00, 0x00, 0x00, 0x00, 0x00, 0x00, 0x00, 0x00, 0x00, 0x00,
    0x00, 0x00, 0x00, 0x00, 0x00, 0x00, 0x00, 0x00, 0x00, 0x00, 0x00, 0x00,
    0x00, 0x00, 0x00, 0x00, 0x00, 0x00, 0x00, 0x00, 0x00, 0x00, 0x00, 0x00,
    0x00, 0x00, 0x00, 0x00, 0x00, 0x00, 0x00, 0x00, 0x00, 0x00, 0x00, 0x00,
    0x00, 0x00, 0x00, 0x00, 0x00, 0x00, 0x00, 0x00, 0x08, 0x00, 0x00, 0x00,
    0xf8, 0xbb, 0x5d, 0x3b, 0x75, 0xf8, 0xf2, 0x3b, 0xea, 0x16, 0x99, 0x3b,
    0x6a, 0x5c, 0x0b, 0x3c, 0x25, 0x3b, 0x68, 0x3b, 0x29, 0xef, 0xcd, 0x3b,
    0x17, 0xe3, 0xfd, 0x3b, 0x23, 0xb2, 0x25, 0x3c, 0x26, 0x00, 0x00, 0x00,
    0x62, 0x63, 0x5f, 0x72, 0x65, 0x73, 0x6e, 0x65, 0x74, 0x5f, 0x6b, 0x77,
    0x73, 0x5f, 0x31, 0x2f, 0x63, 0x6f, 0x6e, 0x76, 0x32, 0x64, 0x5f, 0x31,
    0x5f, 0x32, 0x2f, 0x63, 0x6f, 0x6e, 0x76, 0x6f, 0x6c, 0x75, 0x74, 0x69,
    0x6f, 0x6e, 0x00, 0x00, 0x04, 0x00, 0x00, 0x00, 0x08, 0x00, 0x00, 0x00,
    0x03, 0x00, 0x00, 0x00, 0x01, 0x00, 0x00, 0x00, 0x08, 0x00, 0x00, 0x00,
    0xb2, 0xe5, 0xff, 0xff, 0x00, 0x00, 0x00, 0x01, 0x14, 0x00, 0x00, 0x00,
    0x84, 0x00, 0x00, 0x00, 0x21, 0x00, 0x00, 0x00, 0x00, 0x00, 0x00, 0x02,
    0x38, 0x01, 0x00, 0x00, 0x2c, 0xe5, 0xff, 0xff, 0x08, 0x00, 0x00, 0x00,
    0x48, 0x00, 0x00, 0x00, 0x08, 0x00, 0x00, 0x00, 0x00, 0x00, 0x00, 0x00,
    0x00, 0x00, 0x00, 0x00, 0x00, 0x00, 0x00, 0x00, 0x00, 0x00, 0x00, 0x00,
    0x00, 0x00, 0x00, 0x00, 0x00, 0x00, 0x00, 0x00, 0x00, 0x00, 0x00, 0x00,
    0x00, 0x00, 0x00, 0x00, 0x00, 0x00, 0x00, 0x00, 0x00, 0x00, 0x00, 0x00,
    0x00, 0x00, 0x00, 0x00, 0x00, 0x00, 0x00, 0x00, 0x00, 0x00, 0x00, 0x00,
    0x00, 0x00, 0x00, 0x00, 0x00, 0x00, 0x00, 0x00, 0x00, 0x00, 0x00, 0x00,
    0x08, 0x00, 0x00, 0x00, 0xad, 0xe1, 0x21, 0x39, 0xb2, 0x62, 0xb1, 0x39,
    0x3b, 0x88, 0x5f, 0x39, 0x91, 0x7c, 0xcb, 0x39, 0x81, 0x8b, 0x29, 0x39,
    0xaf, 0x58, 0x96, 0x39, 0xf9, 0x5a, 0xb9, 0x39, 0x6e, 0xf0, 0xf1, 0x39,
    0xb8, 0x00, 0x00, 0x00, 0x62, 0x63, 0x5f, 0x72, 0x65, 0x73, 0x6e, 0x65,
    0x74, 0x5f, 0x6b, 0x77, 0x73, 0x5f, 0x31, 0x2f, 0x61, 0x63, 0x74, 0x69,
    0x76, 0x61, 0x74, 0x69, 0x6f, 0x6e, 0x5f, 0x32, 0x5f, 0x31, 0x2f, 0x52,
    0x65, 0x6c, 0x75, 0x3b, 0x62, 0x63, 0x5f, 0x72, 0x65, 0x73, 0x6e, 0x65,
    0x74, 0x5f, 0x6b, 0x77, 0x73, 0x5f, 0x31, 0x2f, 0x62, 0x61, 0x74, 0x63,
    0x68, 0x5f, 0x6e, 0x6f, 0x72, 0x6d, 0x61, 0x6c, 0x69, 0x7a, 0x61, 0x74,
    0x69, 0x6f, 0x6e, 0x5f, 0x31, 0x5f, 0x32, 0x2f, 0x62, 0x61, 0x74, 0x63,
    0x68, 0x6e, 0x6f, 0x72, 0x6d, 0x2f, 0x61, 0x64, 0x64, 0x5f, 0x31, 0x3b,
    0x62, 0x63, 0x5f, 0x72, 0x65, 0x73, 0x6e, 0x65, 0x74, 0x5f, 0x6b, 0x77,
    0x73, 0x5f, 0x31, 0x2f, 0x63, 0x6f, 0x6e, 0x76, 0x32, 0x64, 0x5f, 0x31,
    0x5f, 0x32, 0x2f, 0x63, 0x6f, 0x6e, 0x76, 0x6f, 0x6c, 0x75, 0x74, 0x69,
    0x6f, 0x6e, 0x3b, 0x62, 0x63, 0x5f, 0x72, 0x65, 0x73, 0x6e, 0x65, 0x74,
    0x5f, 0x6b, 0x77, 0x73, 0x5f, 0x31, 0x2f, 0x62, 0x61, 0x74, 0x63, 0x68,
    0x5f, 0x6e, 0x6f, 0x72, 0x6d, 0x61, 0x6c, 0x69, 0x7a, 0x61, 0x74, 0x69,
    0x6f, 0x6e, 0x5f, 0x31, 0x5f, 0x32, 0x2f, 0x62, 0x61, 0x74, 0x63, 0x68,
    0x6e, 0x6f, 0x72, 0x6d, 0x2f, 0x73, 0x75, 0x62, 0x00, 0x00, 0x00, 0x00,
    0x01, 0x00, 0x00, 0x00, 0x08, 0x00, 0x00, 0x00, 0x0a, 0xe7, 0xff, 0xff,
    0x00, 0x00, 0x00, 0x01, 0x14, 0x00, 0x00, 0x00, 0x84, 0x00, 0x00, 0x00,
    0x20, 0x00, 0x00, 0x00, 0x00, 0x00, 0x00, 0x09, 0xa4, 0x00, 0x00, 0x00,
    0x84, 0xe6, 0xff, 0xff, 0x08, 0x00, 0x00, 0x00, 0x48, 0x00, 0x00, 0x00,
    0x08, 0x00, 0x00, 0x00, 0x00, 0x00, 0x00, 0x00, 0x00, 0x00, 0x00, 0x00,
    0x00, 0x00, 0x00, 0x00, 0x00, 0x00, 0x00, 0x00, 0x00, 0x00, 0x00, 0x00,
    0x00, 0x00, 0x00, 0x00, 0x00, 0x00, 0x00, 0x00, 0x00, 0x00, 0x00, 0x00,
    0x00, 0x00, 0x00, 0x00, 0x00, 0x00, 0x00, 0x00, 0x00, 0x00, 0x00, 0x00,
    0x00, 0x00, 0x00, 0x00, 0x00, 0x00, 0x00, 0x00, 0x00, 0x00, 0x00, 0x00,
    0x00, 0x00, 0x00, 0x00, 0x00, 0x00, 0x00, 0x00, 0x08, 0x00, 0x00, 0x00,
    0x91, 0x3b, 0xa0, 0x3b, 0x08, 0xa8, 0x9f, 0x3b, 0x2c, 0xd2, 0x96, 0x3b,
    0x10, 0xeb, 0x92, 0x3b, 0x2c, 0x07, 0x94, 0x3b, 0x67, 0x4c, 0x86, 0x3b,
    0x9e, 0xb1, 0x5d, 0x3b, 0x2b, 0xf6, 0x93, 0x3b, 0x26, 0x00, 0x00, 0x00,
    0x62, 0x63, 0x5f, 0x72, 0x65, 0x73, 0x6e, 0x65, 0x74, 0x5f, 0x6b, 0x77,
    0x73, 0x5f, 0x31, 0x2f, 0x63, 0x6f, 0x6e, 0x76, 0x32, 0x64, 0x5f, 0x32,
    0x5f, 0x31, 0x2f, 0x63, 0x6f, 0x6e, 0x76, 0x6f, 0x6c, 0x75, 0x74, 0x69,
    0x6f, 0x6e, 0x00, 0x00, 0x04, 0x00, 0x00, 0x00, 0x08, 0x00, 0x00, 0x00,
    0x01, 0x00, 0x00, 0x00, 0x01, 0x00, 0x00, 0x00, 0x08, 0x00, 0x00, 0x00,
    0xda, 0xe7, 0xff, 0xff, 0x00, 0x00, 0x00, 0x01, 0x14, 0x00, 0x00, 0x00,
    0x88, 0x00, 0x00, 0x00, 0x1f, 0x00, 0x00, 0x00, 0x00, 0x00, 0x00, 0x02,
    0xf0, 0x00, 0x00, 0x00, 0x54, 0xe7, 0xff, 0xff, 0x08, 0x00, 0x00, 0x00,
    0x4c, 0x00, 0x00, 0x00, 0x08, 0x00, 0x00, 0x00, 0x00, 0x00, 0x00, 0x00,
    0x00, 0x00, 0x00, 0x00, 0x00, 0x00, 0x00, 0x00, 0x00, 0x00, 0x00, 0x00,
    0x00, 0x00, 0x00, 0x00, 0x00, 0x00, 0x00, 0x00, 0x00, 0x00, 0x00, 0x00,
    0x00, 0x00, 0x00, 0x00, 0x00, 0x00, 0x00, 0x00, 0x00, 0x00, 0x00, 0x00,
    0x00, 0x00, 0x00, 0x00, 0x00, 0x00, 0x00, 0x00, 0x00, 0x00, 0x00, 0x00,
    0x00, 0x00, 0x00, 0x00, 0x00, 0x00, 0x00, 0x00, 0x00, 0x00, 0x00, 0x00,
    0x00, 0x00, 0x00, 0x00, 0x08, 0x00, 0x00, 0x00, 0x34, 0x5d, 0x01, 0x39,
    0x17, 0xe6, 0x00, 0x39, 0xf3, 0x87, 0xf3, 0x38, 0xaf, 0x3a, 0xed, 0x38,
    0x70, 0x05, 0xef, 0x38, 0x21, 0xda, 0xd8, 0x38, 0x1c, 0xfc, 0xb2, 0x38,
    0xfb, 0xe9, 0xee, 0x38, 0x6c, 0x00, 0x00, 0x00, 0x62, 0x63, 0x5f, 0x72,
    0x65, 0x73, 0x6e, 0x65, 0x74, 0x5f, 0x6b, 0x77, 0x73, 0x5f, 0x31, 0x2f,
    0x63, 0x6f, 0x6e, 0x76, 0x32, 0x64, 0x5f, 0x32, 0x5f, 0x31, 0x2f, 0x42,
    0x69, 0x61, 0x73, 0x41, 0x64, 0x64, 0x3b, 0x62, 0x63, 0x5f, 0x72, 0x65,
    0x73, 0x6e, 0x65, 0x74, 0x5f, 0x6b, 0x77, 0x73, 0x5f, 0x31, 0x2f, 0x63,
    0x6f, 0x6e, 0x76, 0x32, 0x64, 0x5f, 0x32, 0x5f, 0x31, 0x2f, 0x63, 0x6f,
    0x6e, 0x76, 0x6f, 0x6c, 0x75, 0x74, 0x69, 0x6f, 0x6e, 0x3b, 0x62, 0x63,
    0x5f, 0x72, 0x65, 0x73, 0x6e, 0x65, 0x74, 0x5f, 0x6b, 0x77, 0x73, 0x5f,
    0x31, 0x2f, 0x63, 0x6f, 0x6e, 0x76, 0x32, 0x64, 0x5f, 0x32, 0x5f, 0x31,
    0x2f, 0x53, 0x71, 0x75, 0x65, 0x65, 0x7a, 0x65, 0x00, 0x00, 0x00, 0x00,
    0x01, 0x00, 0x00, 0x00, 0x08, 0x00, 0x00, 0x00, 0xea, 0xe8, 0xff, 0xff,
    0x00, 0x00, 0x00, 0x01, 0x14, 0x00, 0x00, 0x00, 0xb4, 0x00, 0x00, 0x00,
    0x1e, 0x00, 0x00, 0x00, 0x00, 0x00, 0x00, 0x09, 0xd4, 0x00, 0x00, 0x00,
    0x64, 0xe8, 0xff, 0xff, 0x08, 0x00, 0x00, 0x00, 0x68, 0x00, 0x00, 0x00,
    0x0c, 0x00, 0x00, 0x00, 0x00, 0x00, 0x00, 0x00, 0x00, 0x00, 0x00, 0x00,
    0x00, 0x00, 0x00, 0x00, 0x00, 0x00, 0x00, 0x00, 0x00, 0x00, 0x00, 0x00,
    0x00, 0x00, 0x00, 0x00, 0x00, 0x00, 0x00, 0x00, 0x00, 0x00, 0x00, 0x00,
    0x00, 0x00, 0x00, 0x00, 0x00, 0x00, 0x00, 0x00, 0x00, 0x00, 0x00, 0x00,
    0x00, 0x00, 0x00, 0x00, 0x00, 0x00, 0x00, 0x00, 0x00, 0x00, 0x00, 0x00,
    0x00, 0x00, 0x00, 0x00, 0x00, 0x00, 0x00, 0x00, 0x00, 0x00, 0x00, 0x00,
    0x00, 0x00, 0x00, 0x00, 0x00, 0x00, 0x00, 0x00, 0x00, 0x00, 0x00, 0x00,
    0x00, 0x00, 0x00, 0x00, 0x00, 0x00, 0x00, 0x00, 0x00, 0x00, 0x00, 0x00,
    0x00, 0x00, 0x00, 0x00, 0x0c, 0x00, 0x00, 0x00, 0x34, 0x66, 0x7f, 0x3b,
    0xb1, 0xdc, 0x6f, 0x3b, 0x57, 0xfa, 0x7c, 0x3b, 0xd2, 0x9e, 0x6a, 0x3b,
    0xeb, 0x05, 0x7b, 0x3b, 0x3d, 0x71, 0x17, 0x3b, 0xfb, 0x84, 0x75, 0x3b,
    0x45, 0x7a, 0x79, 0x3b, 0x05, 0xef, 0x85, 0x3b, 0x12, 0x28, 0x93, 0x3b,
    0x10, 0xa6, 0x82, 0x3b, 0x82, 0x12, 0x86, 0x3b, 0x26, 0x00, 0x00, 0x00,
    0x62, 0x63, 0x5f, 0x72, 0x65, 0x73, 0x6e, 0x65, 0x74, 0x5f, 0x6b, 0x77,
    0x73, 0x5f, 0x31, 0x2f, 0x63, 0x6f, 0x6e, 0x76, 0x32, 0x64, 0x5f, 0x35,
    0x5f, 0x31, 0x2f, 0x63, 0x6f, 0x6e, 0x76, 0x6f, 0x6c, 0x75, 0x74, 0x69,
    0x6f, 0x6e, 0x00, 0x00, 0x04, 0x00, 0x00, 0x00, 0x0c, 0x00, 0x00, 0x00,
    0x01, 0x00, 0x00, 0x00, 0x01, 0x00, 0x00, 0x00, 0x08, 0x00, 0x00, 0x00,
    0xea, 0xe9, 0xff, 0xff, 0x00, 0x00, 0x00, 0x01, 0x14, 0x00, 0x00, 0x00,
    0xb4, 0x00, 0x00, 0x00, 0x1d, 0x00, 0x00, 0x00, 0x00, 0x00, 0x00, 0x02,
    0x1c, 0x01, 0x00, 0x00, 0x64, 0xe9, 0xff, 0xff, 0x08, 0x00, 0x00, 0x00,
    0x68, 0x00, 0x00, 0x00, 0x0c, 0x00, 0x00, 0x00, 0x00, 0x00, 0x00, 0x00,
    0x00, 0x00, 0x00, 0x00, 0x00, 0x00, 0x00, 0x00, 0x00, 0x00, 0x00, 0x00,
    0x00, 0x00, 0x00, 0x00, 0x00, 0x00, 0x00, 0x00, 0x00, 0x00, 0x00, 0x00,
    0x00, 0x00, 0x00, 0x00, 0x00, 0x00, 0x00, 0x00, 0x00, 0x00, 0x00, 0x00,
    0x00, 0x00, 0x00, 0x00, 0x00, 0x00, 0x00, 0x00, 0x00, 0x00, 0x00, 0x00,
    0x00, 0x00, 0x00, 0x00, 0x00, 0x00, 0x00, 0x00, 0x00, 0x00, 0x00, 0x00,
    0x00, 0x00, 0x00, 0x00, 0x00, 0x00, 0x00, 0x00, 0x00, 0x00, 0x00, 0x00,
    0x00, 0x00, 0x00, 0x00, 0x00, 0x00, 0x00, 0x00, 0x00, 0x00, 0x00, 0x00,
    0x00, 0x00, 0x00, 0x00, 0x00, 0x00, 0x00, 0x00, 0x0c, 0x00, 0x00, 0x00,
    0x5e, 0x24, 0x23, 0x39, 0xa4, 0x37, 0x19, 0x39, 0x6b, 0x98, 0x21, 0x39,
    0x7e, 0xde, 0x15, 0x39, 0xc3, 0x58, 0x20, 0x39, 0x77, 0x79, 0xc1, 0x38,
    0xc5, 0xd4, 0x1c, 0x39, 0x08, 0x5c, 0x1f, 0x39, 0x3a, 0x1b, 0x2b, 0x39,
    0xc8, 0xff, 0x3b, 0x39, 0xdd, 0xe8, 0x26, 0x39, 0x90, 0x48, 0x2b, 0x39,
    0x6c, 0x00, 0x00, 0x00, 0x62, 0x63, 0x5f, 0x72, 0x65, 0x73, 0x6e, 0x65,
    0x74, 0x5f, 0x6b, 0x77, 0x73, 0x5f, 0x31, 0x2f, 0x63, 0x6f, 0x6e, 0x76,
    0x32, 0x64, 0x5f, 0x35, 0x5f, 0x31, 0x2f, 0x42, 0x69, 0x61, 0x73, 0x41,
    0x64, 0x64, 0x3b, 0x62, 0x63, 0x5f, 0x72, 0x65, 0x73, 0x6e, 0x65, 0x74,
    0x5f, 0x6b, 0x77, 0x73, 0x5f, 0x31, 0x2f, 0x63, 0x6f, 0x6e, 0x76, 0x32,
    0x64, 0x5f, 0x35, 0x5f, 0x31, 0x2f, 0x63, 0x6f, 0x6e, 0x76, 0x6f, 0x6c,
    0x75, 0x74, 0x69, 0x6f, 0x6e, 0x3b, 0x62, 0x63, 0x5f, 0x72, 0x65, 0x73,
    0x6e, 0x65, 0x74, 0x5f, 0x6b, 0x77, 0x73, 0x5f, 0x31, 0x2f, 0x63, 0x6f,
    0x6e, 0x76, 0x32, 0x64, 0x5f, 0x35, 0x5f, 0x31, 0x2f, 0x53, 0x71, 0x75,
    0x65, 0x65, 0x7a, 0x65, 0x00, 0x00, 0x00, 0x00, 0x01, 0x00, 0x00, 0x00,
    0x0c, 0x00, 0x00, 0x00, 0x26, 0xeb, 0xff, 0xff, 0x00, 0x00, 0x00, 0x01,
    0x14, 0x00, 0x00, 0x00, 0x88, 0x00, 0x00, 0x00, 0x1c, 0x00, 0x00, 0x00,
    0x00, 0x00, 0x00, 0x09, 0xb0, 0x00, 0x00, 0x00, 0x82, 0xf6, 0xff, 0xff,
    0x03, 0x00, 0x00, 0x00, 0x08, 0x00, 0x00, 0x00, 0x48, 0x00, 0x00, 0x00,
    0x08, 0x00, 0x00, 0x00, 0x00, 0x00, 0x00, 0x00, 0x00, 0x00, 0x00, 0x00,
    0x00, 0x00, 0x00, 0x00, 0x00, 0x00, 0x00, 0x00, 0x00, 0x00, 0x00, 0x00,
    0x00, 0x00, 0x00, 0x00, 0x00, 0x00, 0x00, 0x00, 0x00, 0x00, 0x00, 0x00,
    0x00, 0x00, 0x00, 0x00, 0x00, 0x00, 0x00, 0x00, 0x00, 0x00, 0x00, 0x00,
    0x00, 0x00, 0x00, 0x00, 0x00, 0x00, 0x00, 0x00, 0x00, 0x00, 0x00, 0x00,
    0x00, 0x00, 0x00, 0x00, 0x00, 0x00, 0x00, 0x00, 0x08, 0x00, 0x00, 0x00,
    0x7e, 0x4d, 0x4d, 0x3b, 0xcd, 0xed, 0x61, 0x3b, 0x75, 0x5f, 0x95, 0x3b,
    0x3d, 0xb0, 0x45, 0x3b, 0x19, 0x07, 0x6e, 0x3b, 0x1a, 0x45, 0x5c, 0x3b,
    0xe1, 0x4c, 0xec, 0x3a, 0x55, 0x67, 0x92, 0x3a, 0x2e, 0x00, 0x00, 0x00,
    0x62, 0x63, 0x5f, 0x72, 0x65, 0x73, 0x6e, 0x65, 0x74, 0x5f, 0x6b, 0x77,
    0x73, 0x5f, 0x31, 0x2f, 0x64, 0x65, 0x70, 0x74, 0x68, 0x77, 0x69, 0x73,
    0x65, 0x5f, 0x63, 0x6f, 0x6e, 0x76, 0x32, 0x64, 0x5f, 0x31, 0x5f, 0x32,
    0x2f, 0x64, 0x65, 0x70, 0x74, 0x68, 0x77, 0x69, 0x73, 0x65, 0x00, 0x00,
    0x04, 0x00, 0x00, 0x00, 0x01, 0x00, 0x00, 0x00, 0x01, 0x00, 0x00, 0x00,
    0x03, 0x00, 0x00, 0x00, 0x08, 0x00, 0x00, 0x00, 0x02, 0xec, 0xff, 0xff,
    0x00, 0x00, 0x00, 0x01, 0x14, 0x00, 0x00, 0x00, 0x30, 0x00, 0x00, 0x00,
    0x1b, 0x00, 0x00, 0x00, 0x00, 0x00, 0x00, 0x09, 0x64, 0x00, 0x00, 0x00,
    0x7c, 0xeb, 0xff, 0xff, 0x08, 0x00, 0x00, 0x00, 0x10, 0x00, 0x00, 0x00,
    0x01, 0x00, 0x00, 0x00, 0x80, 0xff, 0xff, 0xff, 0xff, 0xff, 0xff, 0xff,
    0x01, 0x00, 0x00, 0x00, 0xb9, 0x43, 0x90, 0x3b, 0x38, 0x00, 0x00, 0x00,
    0x62, 0x63, 0x5f, 0x72, 0x65, 0x73, 0x6e, 0x65, 0x74, 0x5f, 0x6b, 0x77,
    0x73, 0x5f, 0x31, 0x2f, 0x73, 0x75, 0x62, 0x5f, 0x73, 0x70, 0x65, 0x63,
    0x74, 0x72, 0x61, 0x6c, 0x5f, 0x6e, 0x6f, 0x72, 0x6d, 0x5f, 0x31, 0x5f,
    0x32, 0x2f, 0x6d, 0x75, 0x6c, 0x2f, 0x52, 0x65, 0x61, 0x64, 0x56, 0x61,
    0x72, 0x69, 0x61, 0x62, 0x6c, 0x65, 0x4f, 0x70, 0x00, 0x00, 0x00, 0x00,
    0x04, 0x00, 0x00, 0x00, 0x01, 0x00, 0x00, 0x00, 0x01, 0x00, 0x00, 0x00,
    0x01, 0x00, 0x00, 0x00, 0x08, 0x00, 0x00, 0x00, 0x92, 0xec, 0xff, 0xff,
    0x00, 0x00, 0x00, 0x01, 0x14, 0x00, 0x00, 0x00, 0x30, 0x00, 0x00, 0x00,
    0x1a, 0x00, 0x00, 0x00, 0x00, 0x00, 0x00, 0x09, 0x64, 0x00, 0x00, 0x00,
    0x0c, 0xec, 0xff, 0xff, 0x08, 0x00, 0x00, 0x00, 0x10, 0x00, 0x00, 0x00,
    0x01, 0x00, 0x00, 0x00, 0x0b, 0x00, 0x00, 0x00, 0x00, 0x00, 0x00, 0x00,
    0x01, 0x00, 0x00, 0x00, 0x7f, 0xce, 0x2f, 0x3a, 0x3a, 0x00, 0x00, 0x00,
    0x62, 0x63, 0x5f, 0x72, 0x65, 0x73, 0x6e, 0x65, 0x74, 0x5f, 0x6b, 0x77,
    0x73, 0x5f, 0x31, 0x2f, 0x73, 0x75, 0x62, 0x5f, 0x73, 0x70, 0x65, 0x63,
    0x74, 0x72, 0x61, 0x6c, 0x5f, 0x6e, 0x6f, 0x72, 0x6d, 0x5f, 0x31, 0x5f,
    0x32, 0x2f, 0x61, 0x64, 0x64, 0x5f, 0x31, 0x2f, 0x52, 0x65, 0x61, 0x64,
    0x56, 0x61, 0x72, 0x69, 0x61, 0x62, 0x6c, 0x65, 0x4f, 0x70, 0x00, 0x00,
    0x04, 0x00, 0x00, 0x00, 0x01, 0x00, 0x00, 0x00, 0x01, 0x00, 0x00, 0x00,
    0x01, 0x00, 0x00, 0x00, 0x08, 0x00, 0x00, 0x00, 0x22, 0xed, 0xff, 0xff,
    0x00, 0x00, 0x00, 0x01, 0x14, 0x00, 0x00, 0x00, 0xb4, 0x00, 0x00, 0x00,
    0x19, 0x00, 0x00, 0x00, 0x00, 0x00, 0x00, 0x09, 0xd4, 0x00, 0x00, 0x00,
    0x9c, 0xec, 0xff, 0xff, 0x08, 0x00, 0x00, 0x00, 0x68, 0x00, 0x00, 0x00,
    0x0c, 0x00, 0x00, 0x00, 0x00, 0x00, 0x00, 0x00, 0x00, 0x00, 0x00, 0x00,
    0x00, 0x00, 0x00, 0x00, 0x00, 0x00, 0x00, 0x00, 0x00, 0x00, 0x00, 0x00,
    0x00, 0x00, 0x00, 0x00, 0x00, 0x00, 0x00, 0x00, 0x00, 0x00, 0x00, 0x00,
    0x00, 0x00, 0x00, 0x00, 0x00, 0x00, 0x00, 0x00, 0x00, 0x00, 0x00, 0x00,
    0x00, 0x00, 0x00, 0x00, 0x00, 0x00, 0x00, 0x00, 0x00, 0x00, 0x00, 0x00,
    0x00, 0x00, 0x00, 0x00, 0x00, 0x00, 0x00, 0x00, 0x00, 0x00, 0x00, 0x00,
    0x00, 0x00, 0x00, 0x00, 0x00, 0x00, 0x00, 0x00, 0x00, 0x00, 0x00, 0x00,
    0x00, 0x00, 0x00, 0x00, 0x00, 0x00, 0x00, 0x00, 0x00, 0x00, 0x00, 0x00,
    0x00, 0x00, 0x00, 0x00, 0x0c, 0x00, 0x00, 0x00, 0x56, 0xbd, 0xb9, 0x3b,
    0xdf, 0x8a, 0x14, 0x3c, 0xde, 0x0e, 0x01, 0x3c, 0xe6, 0xdc, 0x82, 0x3c,
    0x30, 0x28, 0x27, 0x3c, 0x51, 0xe6, 0xee, 0x3b, 0xcf, 0xd2, 0xa1, 0x3b,
    0x17, 0x12, 0xcf, 0x3b, 0xd8, 0xd8, 0x7d, 0x3b, 0x7f, 0xa1, 0xfa, 0x3b,
    0xac, 0x18, 0x9a, 0x3b, 0x5b, 0x66, 0xe2, 0x3b, 0x26, 0x00, 0x00, 0x00,
    0x62, 0x63, 0x5f, 0x72, 0x65, 0x73, 0x6e, 0x65, 0x74, 0x5f, 0x6b, 0x77,
    0x73, 0x5f, 0x31, 0x2f, 0x63, 0x6f, 0x6e, 0x76, 0x32, 0x64, 0x5f, 0x33,
    0x5f, 0x31, 0x2f, 0x63, 0x6f, 0x6e, 0x76, 0x6f, 0x6c, 0x75, 0x74, 0x69,
    0x6f, 0x6e, 0x00, 0x00, 0x04, 0x00, 0x00, 0x00, 0x0c, 0x00, 0x00, 0x00,
    0x03, 0x00, 0x00, 0x00, 0x01, 0x00, 0x00, 0x00, 0x08, 0x00, 0x00, 0x00,
    0x22, 0xee, 0xff, 0xff, 0x00, 0x00, 0x00, 0x01, 0x14, 0x00, 0x00, 0x00,
    0xb4, 0x00, 0x00, 0x00, 0x18, 0x00, 0x00, 0x00, 0x00, 0x00, 0x00, 0x02,
    0x68, 0x01, 0x00, 0x00, 0x9c, 0xed, 0xff, 0xff, 0x08, 0x00, 0x00, 0x00,
    0x68, 0x00, 0x00, 0x00, 0x0c, 0x00, 0x00, 0x00, 0x00, 0x00, 0x00, 0x00,
    0x00, 0x00, 0x00, 0x00, 0x00, 0x00, 0x00, 0x00, 0x00, 0x00, 0x00, 0x00,
    0x00, 0x00, 0x00, 0x00, 0x00, 0x00, 0x00, 0x00, 0x00, 0x00, 0x00, 0x00,
    0x00, 0x00, 0x00, 0x00, 0x00, 0x00, 0x00, 0x00, 0x00, 0x00, 0x00, 0x00,
    0x00, 0x00, 0x00, 0x00, 0x00, 0x00, 0x00, 0x00, 0x00, 0x00, 0x00, 0x00,
    0x00, 0x00, 0x00, 0x00, 0x00, 0x00, 0x00, 0x00, 0x00, 0x00, 0x00, 0x00,
    0x00, 0x00, 0x00, 0x00, 0x00, 0x00, 0x00, 0x00, 0x00, 0x00, 0x00, 0x00,
    0x00, 0x00, 0x00, 0x00, 0x00, 0x00, 0x00, 0x00, 0x00, 0x00, 0x00, 0x00,
    0x00, 0x00, 0x00, 0x00, 0x00, 0x00, 0x00, 0x00, 0x0c, 0x00, 0x00, 0x00,
    0xad, 0x21, 0x60, 0x39, 0xf0, 0x3e, 0xb3, 0x39, 0xed, 0xbb, 0x9b, 0x39,
    0x75, 0xe9, 0x1d, 0x3a, 0x3c, 0xb5, 0xc9, 0x39, 0xcd, 0x23, 0x90, 0x39,
    0xa2, 0x45, 0x43, 0x39, 0x27, 0xdf, 0x79, 0x39, 0x88, 0x28, 0x19, 0x39,
    0xc4, 0x37, 0x97, 0x39, 0x9f, 0xf2, 0x39, 0x39, 0x1b, 0x99, 0x88, 0x39,
    0xb8, 0x00, 0x00, 0x00, 0x62, 0x63, 0x5f, 0x72, 0x65, 0x73, 0x6e, 0x65,
    0x74, 0x5f, 0x6b, 0x77, 0x73, 0x5f, 0x31, 0x2f, 0x61, 0x63, 0x74, 0x69,
    0x76, 0x61, 0x74, 0x69, 0x6f, 0x6e, 0x5f, 0x35, 0x5f, 0x31, 0x2f, 0x52,
    0x65, 0x6c, 0x75, 0x3b, 0x62, 0x63, 0x5f, 0x72, 0x65, 0x73, 0x6e, 0x65,
    0x74, 0x5f, 0x6b, 0x77, 0x73, 0x5f, 0x31, 0x2f, 0x62, 0x61, 0x74, 0x63,
    0x68, 0x5f, 0x6e, 0x6f, 0x72, 0x6d, 0x61, 0x6c, 0x69, 0x7a, 0x61, 0x74,
    0x69, 0x6f, 0x6e, 0x5f, 0x32, 0x5f, 0x31, 0x2f, 0x62, 0x61, 0x74, 0x63,
    0x68, 0x6e, 0x6f, 0x72, 0x6d, 0x2f, 0x61, 0x64, 0x64, 0x5f, 0x31, 0x3b,
    0x62, 0x63, 0x5f, 0x72, 0x65, 0x73, 0x6e, 0x65, 0x74, 0x5f, 0x6b, 0x77,
    0x73, 0x5f, 0x31, 0x2f, 0x63, 0x6f, 0x6e, 0x76, 0x32, 0x64, 0x5f, 0x33,
    0x5f, 0x31, 0x2f, 0x63, 0x6f, 0x6e, 0x76, 0x6f, 0x6c, 0x75, 0x74, 0x69,
    0x6f, 0x6e, 0x3b, 0x62, 0x63, 0x5f, 0x72, 0x65, 0x73, 0x6e, 0x65, 0x74,
    0x5f, 0x6b, 0x77, 0x73, 0x5f, 0x31, 0x2f, 0x62, 0x61, 0x74, 0x63, 0x68,
    0x5f, 0x6e, 0x6f, 0x72, 0x6d, 0x61, 0x6c, 0x69, 0x7a, 0x61, 0x74, 0x69,
    0x6f, 0x6e, 0x5f, 0x32, 0x5f, 0x31, 0x2f, 0x62, 0x61, 0x74, 0x63, 0x68,
    0x6e, 0x6f, 0x72, 0x6d, 0x2f, 0x73, 0x75, 0x62, 0x00, 0x00, 0x00, 0x00,
    0x01, 0x00, 0x00, 0x00, 0x0c, 0x00, 0x00, 0x00, 0xaa, 0xef, 0xff, 0xff,
    0x00, 0x00, 0x00, 0x01, 0x14, 0x00, 0x00, 0x00, 0xb4, 0x00, 0x00, 0x00,
    0x17, 0x00, 0x00, 0x00, 0x00, 0x00, 0x00, 0x09, 0xd4, 0x00, 0x00, 0x00,
    0x24, 0xef, 0xff, 0xff, 0x08, 0x00, 0x00, 0x00, 0x68, 0x00, 0x00, 0x00,
    0x0c, 0x00, 0x00, 0x00, 0x00, 0x00, 0x00, 0x00, 0x00, 0x00, 0x00, 0x00,
    0x00, 0x00, 0x00, 0x00, 0x00, 0x00, 0x00, 0x00, 0x00, 0x00, 0x00, 0x00,
    0x00, 0x00, 0x00, 0x00, 0x00, 0x00, 0x00, 0x00, 0x00, 0x00, 0x00, 0x00,
    0x00, 0x00, 0x00, 0x00, 0x00, 0x00, 0x00, 0x00, 0x00, 0x00, 0x00, 0x00,
    0x00, 0x00, 0x00, 0x00, 0x00, 0x00, 0x00, 0x00, 0x00, 0x00, 0x00, 0x00,
    0x00, 0x00, 0x00, 0x00, 0x00, 0x00, 0x00, 0x00, 0x00, 0x00, 0x00, 0x00,
    0x00, 0x00, 0x00, 0x00, 0x00, 0x00, 0x00, 0x00, 0x00, 0x00, 0x00, 0x00,
    0x00, 0x00, 0x00, 0x00, 0x00, 0x00, 0x00, 0x00, 0x00, 0x00, 0x00, 0x00,
    0x00, 0x00, 0x00, 0x00, 0x0c, 0x00, 0x00, 0x00, 0xc4, 0xe8, 0x9f, 0x3b,
    0x21, 0x00, 0x89, 0x3b, 0x4d, 0x3f, 0x74, 0x3b, 0xcb, 0x4b, 0x77, 0x3b,
    0x57, 0x72, 0x70, 0x3b, 0x52, 0x99, 0x9a, 0x3b, 0xd3, 0x0d, 0x81, 0x3b,
    0x84, 0x04, 0x9d, 0x3b, 0x48, 0xf4, 0x8a, 0x3b, 0x7a, 0x4d, 0x6c, 0x3b,
    0xcc, 0x0a, 0x64, 0x3b, 0x19, 0xf7, 0x89, 0x3b, 0x26, 0x00, 0x00, 0x00,
    0x62, 0x63, 0x5f, 0x72, 0x65, 0x73, 0x6e, 0x65, 0x74, 0x5f, 0x6b, 0x77,
    0x73, 0x5f, 0x31, 0x2f, 0x63, 0x6f, 0x6e, 0x76, 0x32, 0x64, 0x5f, 0x34,
    0x5f, 0x31, 0x2f, 0x63, 0x6f, 0x6e, 0x76, 0x6f, 0x6c, 0x75, 0x74, 0x69,
    0x6f, 0x6e, 0x00, 0x00, 0x04, 0x00, 0x00, 0x00, 0x0c, 0x00, 0x00, 0x00,
    0x01, 0x00, 0x00, 0x00, 0x01, 0x00, 0x00, 0x00, 0x0c, 0x00, 0x00, 0x00,
    0xaa, 0xf0, 0xff, 0xff, 0x00, 0x00, 0x00, 0x01, 0x14, 0x00, 0x00, 0x00,
    0xb8, 0x00, 0x00, 0x00, 0x16, 0x00, 0x00, 0x00, 0x00, 0x00, 0x00, 0x02,
    0x20, 0x01, 0x00, 0x00, 0x24, 0xf0, 0xff, 0xff, 0x08, 0x00, 0x00, 0x00,
    0x6c, 0x00, 0x00, 0x00, 0x0c, 0x00, 0x00, 0x00, 0x00, 0x00, 0x00, 0x00,
    0x00, 0x00, 0x00, 0x00, 0x00, 0x00, 0x00, 0x00, 0x00, 0x00, 0x00, 0x00,
    0x00, 0x00, 0x00, 0x00, 0x00, 0x00, 0x00, 0x00, 0x00, 0x00, 0x00, 0x00,
    0x00, 0x00, 0x00, 0x00, 0x00, 0x00, 0x00, 0x00, 0x00, 0x00, 0x00, 0x00,
    0x00, 0x00, 0x00, 0x00, 0x00, 0x00, 0x00, 0x00, 0x00, 0x00, 0x00, 0x00,
    0x00, 0x00, 0x00, 0x00, 0x00, 0x00, 0x00, 0x00, 0x00, 0x00, 0x00, 0x00,
    0x00, 0x00, 0x00, 0x00, 0x00, 0x00, 0x00, 0x00, 0x00, 0x00, 0x00, 0x00,
    0x00, 0x00, 0x00, 0x00, 0x00, 0x00, 0x00, 0x00, 0x00, 0x00, 0x00, 0x00,
    0x00, 0x00, 0x00, 0x00, 0x00, 0x00, 0x00, 0x00, 0x00, 0x00, 0x00, 0x00,
    0x0c, 0x00, 0x00, 0x00, 0x77, 0xdc, 0x16, 0x39, 0xaa, 0x3f, 0x01, 0x39,
    0x5b, 0x6d, 0xe6, 0x38, 0xb0, 0x4d, 0xe9, 0x38, 0x73, 0xd7, 0xe2, 0x38,
    0xf1, 0xd9, 0x11, 0x39, 0xee, 0x80, 0xf3, 0x38, 0x1a, 0x22, 0x14, 0x39,
    0x84, 0x17, 0x03, 0x39, 0x9c, 0xee, 0xde, 0x38, 0x96, 0x23, 0xd7, 0x38,
    0xa9, 0x28, 0x02, 0x39, 0x6c, 0x00, 0x00, 0x00, 0x62, 0x63, 0x5f, 0x72,
    0x65, 0x73, 0x6e, 0x65, 0x74, 0x5f, 0x6b, 0x77, 0x73, 0x5f, 0x31, 0x2f,
    0x63, 0x6f, 0x6e, 0x76, 0x32, 0x64, 0x5f, 0x34, 0x5f, 0x31, 0x2f, 0x42,
    0x69, 0x61, 0x73, 0x41, 0x64, 0x64, 0x3b, 0x62, 0x63, 0x5f, 0x72, 0x65,
    0x73, 0x6e, 0x65, 0x74, 0x5f, 0x6b, 0x77, 0x73, 0x5f, 0x31, 0x2f, 0x63,
    0x6f, 0x6e, 0x76, 0x32, 0x64, 0x5f, 0x34, 0x5f, 0x31, 0x2f, 0x63, 0x6f,
    0x6e, 0x76, 0x6f, 0x6c, 0x75, 0x74, 0x69, 0x6f, 0x6e, 0x3b, 0x62, 0x63,
    0x5f, 0x72, 0x65, 0x73, 0x6e, 0x65, 0x74, 0x5f, 0x6b, 0x77, 0x73, 0x5f,
    0x31, 0x2f, 0x63, 0x6f, 0x6e, 0x76, 0x32, 0x64, 0x5f, 0x34, 0x5f, 0x31,
    0x2f, 0x53, 0x71, 0x75, 0x65, 0x65, 0x7a, 0x65, 0x00, 0x00, 0x00, 0x00,
    0x01, 0x00, 0x00, 0x00, 0x0c, 0x00, 0x00, 0x00, 0xea, 0xf1, 0xff, 0xff,
    0x00, 0x00, 0x00, 0x01, 0x14, 0x00, 0x00, 0x00, 0xe4, 0x00, 0x00, 0x00,
    0x15, 0x00, 0x00, 0x00, 0x00, 0x00, 0x00, 0x09, 0x04, 0x01, 0x00, 0x00,
    0x64, 0xf1, 0xff, 0xff, 0x08, 0x00, 0x00, 0x00, 0x88, 0x00, 0x00, 0x00,
    0x10, 0x00, 0x00, 0x00, 0x00, 0x00, 0x00, 0x00, 0x00, 0x00, 0x00, 0x00,
    0x00, 0x00, 0x00, 0x00, 0x00, 0x00, 0x00, 0x00, 0x00, 0x00, 0x00, 0x00,
    0x00, 0x00, 0x00, 0x00, 0x00, 0x00, 0x00, 0x00, 0x00, 0x00, 0x00, 0x00,
    0x00, 0x00, 0x00, 0x00, 0x00, 0x00, 0x00, 0x00, 0x00, 0x00, 0x00, 0x00,
    0x00, 0x00, 0x00, 0x00, 0x00, 0x00, 0x00, 0x00, 0x00, 0x00, 0x00, 0x00,
    0x00, 0x00, 0x00, 0x00, 0x00, 0x00, 0x00, 0x00, 0x00, 0x00, 0x00, 0x00,
    0x00, 0x00, 0x00, 0x00, 0x00, 0x00, 0x00, 0x00, 0x00, 0x00, 0x00, 0x00,
    0x00, 0x00, 0x00, 0x00, 0x00, 0x00, 0x00, 0x00, 0x00, 0x00, 0x00, 0x00,
    0x00, 0x00, 0x00, 0x00, 0x00, 0x00, 0x00, 0x00, 0x00, 0x00, 0x00, 0x00,
    0x00, 0x00, 0x00, 0x00, 0x00, 0x00, 0x00, 0x00, 0x00, 0x00, 0x00, 0x00,
    0x00, 0x00, 0x00, 0x00, 0x00, 0x00, 0x00, 0x00, 0x00, 0x00, 0x00, 0x00,
    0x10, 0x00, 0x00, 0x00, 0x61, 0x51, 0x25, 0x3b, 0xac, 0x58, 0x57, 0x3b,
    0xf6, 0x28, 0x59, 0x3b, 0x36, 0xff, 0x88, 0x3b, 0x8f, 0x51, 0x61, 0x3b,
    0xdd, 0x46, 0x6a, 0x3b, 0x27, 0xa4, 0x80, 0x3b, 0x11, 0xae, 0x80, 0x3b,
    0x09, 0xf2, 0x32, 0x3b, 0x13, 0x6f, 0x5c, 0x3b, 0xb6, 0xdd, 0x6b, 0x3b,
    0x77, 0xa7, 0x40, 0x3b, 0x9d, 0x5a, 0x66, 0x3b, 0x8e, 0x95, 0x69, 0x3b,
    0x6f, 0xe2, 0x5b, 0x3b, 0x0b, 0xf5, 0x44, 0x3b, 0x26, 0x00, 0x00, 0x00,
    0x62, 0x63, 0x5f, 0x72, 0x65, 0x73, 0x6e, 0x65, 0x74, 0x5f, 0x6b, 0x77,
    0x73, 0x5f, 0x31, 0x2f, 0x63, 0x6f, 0x6e, 0x76, 0x32, 0x64, 0x5f, 0x38,
    0x5f, 0x31, 0x2f, 0x63, 0x6f, 0x6e, 0x76, 0x6f, 0x6c, 0x75, 0x74, 0x69,
    0x6f, 0x6e, 0x00, 0x00, 0x04, 0x00, 0x00, 0x00, 0x10, 0x00, 0x00, 0x00,
    0x01, 0x00, 0x00, 0x00, 0x01, 0x00, 0x00, 0x00, 0x0c, 0x00, 0x00, 0x00,
    0x1a, 0xf3, 0xff, 0xff, 0x00, 0x00, 0x00, 0x01, 0x14, 0x00, 0x00, 0x00,
    0xe8, 0x00, 0x00, 0x00, 0x14, 0x00, 0x00, 0x00, 0x00, 0x00, 0x00, 0x02,
    0x50, 0x01, 0x00, 0x00, 0x94, 0xf2, 0xff, 0xff, 0x08, 0x00, 0x00, 0x00,
    0x8c, 0x00, 0x00, 0x00, 0x10, 0x00, 0x00, 0x00, 0x00, 0x00, 0x00, 0x00,
    0x00, 0x00, 0x00, 0x00, 0x00, 0x00, 0x00, 0x00, 0x00, 0x00, 0x00, 0x00,
    0x00, 0x00, 0x00, 0x00, 0x00, 0x00, 0x00, 0x00, 0x00, 0x00, 0x00, 0x00,
    0x00, 0x00, 0x00, 0x00, 0x00, 0x00, 0x00, 0x00, 0x00, 0x00, 0x00, 0x00,
    0x00, 0x00, 0x00, 0x00, 0x00, 0x00, 0x00, 0x00, 0x00, 0x00, 0x00, 0x00,
    0x00, 0x00, 0x00, 0x00, 0x00, 0x00, 0x00, 0x00, 0x00, 0x00, 0x00, 0x00,
    0x00, 0x00, 0x00, 0x00, 0x00, 0x00, 0x00, 0x00, 0x00, 0x00, 0x00, 0x00,
    0x00, 0x00, 0x00, 0x00, 0x00, 0x00, 0x00, 0x00, 0x00, 0x00, 0x00, 0x00,
    0x00, 0x00, 0x00, 0x00, 0x00, 0x00, 0x00, 0x00, 0x00, 0x00, 0x00, 0x00,
    0x00, 0x00, 0x00, 0x00, 0x00, 0x00, 0x00, 0x00, 0x00, 0x00, 0x00, 0x00,
    0x00, 0x00, 0x00, 0x00, 0x00, 0x00, 0x00, 0x00, 0x00, 0x00, 0x00, 0x00,
    0x00, 0x00, 0x00, 0x00, 0x00, 0x00, 0x00, 0x00, 0x10, 0x00, 0x00, 0x00,
    0x8a, 0x7a, 0xd5, 0x38, 0x71, 0x0a, 0x0b, 0x39, 0x37, 0x36, 0x0c, 0x39,
    0x3c, 0xe8, 0x30, 0x39, 0xbd, 0x7a, 0x11, 0x39, 0x70, 0x43, 0x17, 0x39,
    0x05, 0x1e, 0x26, 0x39, 0xd3, 0x2a, 0x26, 0x39, 0x84, 0x13, 0xe7, 0x38,
    0x5a, 0x53, 0x0e, 0x39, 0x1f, 0x4a, 0x18, 0x39, 0x52, 0xc7, 0xf8, 0x38,
    0x08, 0xbb, 0x14, 0x39, 0xf5, 0xd0, 0x16, 0x39, 0x8b, 0xf8, 0x0d, 0x39,
    0xd0, 0x55, 0xfe, 0x38, 0x6c, 0x00, 0x00, 0x00, 0x62, 0x63, 0x5f, 0x72,
    0x65, 0x73, 0x6e, 0x65, 0x74, 0x5f, 0x6b, 0x77, 0x73, 0x5f, 0x31, 0x2f,
    0x63, 0x6f, 0x6e, 0x76, 0x32, 0x64, 0x5f, 0x38, 0x5f, 0x31, 0x2f, 0x42,
    0x69, 0x61, 0x73, 0x41, 0x64, 0x64, 0x3b, 0x62, 0x63, 0x5f, 0x72, 0x65,
    0x73, 0x6e, 0x65, 0x74, 0x5f, 0x6b, 0x77, 0x73, 0x5f, 0x31, 0x2f, 0x63,
    0x6f, 0x6e, 0x76, 0x32, 0x64, 0x5f, 0x38, 0x5f, 0x31, 0x2f, 0x63, 0x6f,
    0x6e, 0x76, 0x6f, 0x6c, 0x75, 0x74, 0x69, 0x6f, 0x6e, 0x3b, 0x62, 0x63,
    0x5f, 0x72, 0x65, 0x73, 0x6e, 0x65, 0x74, 0x5f, 0x6b, 0x77, 0x73, 0x5f,
    0x31, 0x2f, 0x63, 0x6f, 0x6e, 0x76, 0x32, 0x64, 0x5f, 0x38, 0x5f, 0x31,
    0x2f, 0x53, 0x71, 0x75, 0x65, 0x65, 0x7a, 0x65, 0x00, 0x00, 0x00, 0x00,
    0x01, 0x00, 0x00, 0x00, 0x10, 0x00, 0x00, 0x00, 0x00, 0x00, 0x16, 0x00,
    0x1e, 0x00, 0x18, 0x00, 0x17, 0x00, 0x10, 0x00, 0x0c, 0x00, 0x08, 0x00,
    0x00, 0x00, 0x00, 0x00, 0x00, 0x00, 0x07, 0x00, 0x16, 0x00, 0x00, 0x00,
    0x00, 0x00, 0x00, 0x01, 0x28, 0x00, 0x00, 0x00, 0xcc, 0x00, 0x00, 0x00,
    0x13, 0x00, 0x00, 0x00, 0x00, 0x00, 0x00, 0x09, 0xf4, 0x00, 0x00, 0x00,
    0x00, 0x00, 0x12, 0x00, 0x10, 0x00, 0x00, 0x00, 0x00, 0x00, 0x0c, 0x00,
    0x08, 0x00, 0x00, 0x00, 0x00, 0x00, 0x04, 0x00, 0x12, 0x00, 0x00, 0x00,
    0x03, 0x00, 0x00, 0x00, 0x08, 0x00, 0x00, 0x00, 0x68, 0x00, 0x00, 0x00,
    0x0c, 0x00, 0x00, 0x00, 0x00, 0x00, 0x00, 0x00, 0x00, 0x00, 0x00, 0x00,
    0x00, 0x00, 0x00, 0x00, 0x00, 0x00, 0x00, 0x00, 0x00, 0x00, 0x00, 0x00,
    0x00, 0x00, 0x00, 0x00, 0x00, 0x00, 0x00, 0x00, 0x00, 0x00, 0x00, 0x00,
    0x00, 0x00, 0x00, 0x00, 0x00, 0x00, 0x00, 0x00, 0x00, 0x00, 0x00, 0x00,
    0x00, 0x00, 0x00, 0x00, 0x00, 0x00, 0x00, 0x00, 0x00, 0x00, 0x00, 0x00,
    0x00, 0x00, 0x00, 0x00, 0x00, 0x00, 0x00, 0x00, 0x00, 0x00, 0x00, 0x00,
    0x00, 0x00, 0x00, 0x00, 0x00, 0x00, 0x00, 0x00, 0x00, 0x00, 0x00, 0x00,
    0x00, 0x00, 0x00, 0x00, 0x00, 0x00, 0x00, 0x00, 0x00, 0x00, 0x00, 0x00,
    0x00, 0x00, 0x00, 0x00, 0x0c, 0x00, 0x00, 0x00, 0x2d, 0x41, 0x00, 0x3b,
    0xbb, 0x4c, 0x37, 0x3b, 0x83, 0x45, 0x11, 0x3b, 0x17, 0x63, 0xfe, 0x3a,
    0xd3, 0xd5, 0x45, 0x3b, 0x7e, 0xb9, 0x63, 0x39, 0x0b, 0x10, 0xd3, 0x3a,
    0xbe, 0x5a, 0x43, 0x3b, 0x60, 0xf6, 0x2f, 0x3b, 0xbc, 0x55, 0x71, 0x3a,
    0x70, 0x34, 0x47, 0x3b, 0x3a, 0x48, 0x1a, 0x3b, 0x2e, 0x00, 0x00, 0x00,
    0x62, 0x63, 0x5f, 0x72, 0x65, 0x73, 0x6e, 0x65, 0x74, 0x5f, 0x6b, 0x77,
    0x73, 0x5f, 0x31, 0x2f, 0x64, 0x65, 0x70, 0x74, 0x68, 0x77, 0x69, 0x73,
    0x65, 0x5f, 0x63, 0x6f, 0x6e, 0x76, 0x32, 0x64, 0x5f, 0x32, 0x5f, 0x31,
    0x2f, 0x64, 0x65, 0x70, 0x74, 0x68, 0x77, 0x69, 0x73, 0x65, 0x00, 0x00,
    0x04, 0x00, 0x00, 0x00, 0x01, 0x00, 0x00, 0x00, 0x01, 0x00, 0x00, 0x00,
    0x03, 0x00, 0x00, 0x00, 0x0c, 0x00, 0x00, 0x00, 0xc2, 0xf5, 0xff, 0xff,
    0x00, 0x00, 0x00, 0x01, 0x14, 0x00, 0x00, 0x00, 0xb8, 0x00, 0x00, 0x00,
    0x12, 0x00, 0x00, 0x00, 0x00, 0x00, 0x00, 0x02, 0xc0, 0x00, 0x00, 0x00,
    0x3c, 0xf5, 0xff, 0xff, 0x08, 0x00, 0x00, 0x00, 0x6c, 0x00, 0x00, 0x00,
    0x0c, 0x00, 0x00, 0x00, 0x00, 0x00, 0x00, 0x00, 0x00, 0x00, 0x00, 0x00,
    0x00, 0x00, 0x00, 0x00, 0x00, 0x00, 0x00, 0x00, 0x00, 0x00, 0x00, 0x00,
    0x00, 0x00, 0x00, 0x00, 0x00, 0x00, 0x00, 0x00, 0x00, 0x00, 0x00, 0x00,
    0x00, 0x00, 0x00, 0x00, 0x00, 0x00, 0x00, 0x00, 0x00, 0x00, 0x00, 0x00,
    0x00, 0x00, 0x00, 0x00, 0x00, 0x00, 0x00, 0x00, 0x00, 0x00, 0x00, 0x00,
    0x00, 0x00, 0x00, 0x00, 0x00, 0x00, 0x00, 0x00, 0x00, 0x00, 0x00, 0x00,
    0x00, 0x00, 0x00, 0x00, 0x00, 0x00, 0x00, 0x00, 0x00, 0x00, 0x00, 0x00,
    0x00, 0x00, 0x00, 0x00, 0x00, 0x00, 0x00, 0x00, 0x00, 0x00, 0x00, 0x00,
    0x00, 0x00, 0x00, 0x00, 0x00, 0x00, 0x00, 0x00, 0x0c, 0x00, 0x00, 0x00,
    0x36, 0x9e, 0xa5, 0x38, 0xf3, 0xb2, 0xec, 0x38, 0xa5, 0x97, 0xbb, 0x38,
    0x72, 0x3f, 0xa4, 0x38, 0x14, 0x78, 0xff, 0x38, 0x6d, 0x08, 0x13, 0x37,
    0x64, 0x46, 0x88, 0x38, 0xfc, 0x43, 0xfc, 0x38, 0x63, 0x39, 0xe3, 0x38,
    0x10, 0xd2, 0x1b, 0x38, 0x6b, 0x9e, 0x00, 0x39, 0x5b, 0x3a, 0xc7, 0x38,
    0x0e, 0x00, 0x00, 0x00, 0x61, 0x72, 0x69, 0x74, 0x68, 0x2e, 0x63, 0x6f,
    0x6e, 0x73, 0x74, 0x61, 0x6e, 0x74, 0x00, 0x00, 0x01, 0x00, 0x00, 0x00,
    0x0c, 0x00, 0x00, 0x00, 0xa2, 0xf6, 0xff, 0xff, 0x00, 0x00, 0x00, 0x01,
    0x14, 0x00, 0x00, 0x00, 0x30, 0x00, 0x00, 0x00, 0x11, 0x00, 0x00, 0x00,
    0x00, 0x00, 0x00, 0x09, 0x64, 0x00, 0x00, 0x00, 0x1c, 0xf6, 0xff, 0xff,
    0x08, 0x00, 0x00, 0x00, 0x10, 0x00, 0x00, 0x00, 0x01, 0x00, 0x00, 0x00,
    0x80, 0xff, 0xff, 0xff, 0xff, 0xff, 0xff, 0xff, 0x01, 0x00, 0x00, 0x00,
    0xa5, 0xbd, 0x96, 0x3b, 0x38, 0x00, 0x00, 0x00, 0x62, 0x63, 0x5f, 0x72,
    0x65, 0x73, 0x6e, 0x65, 0x74, 0x5f, 0x6b, 0x77, 0x73, 0x5f, 0x31, 0x2f,
    0x73, 0x75, 0x62, 0x5f, 0x73, 0x70, 0x65, 0x63, 0x74, 0x72, 0x61, 0x6c,
    0x5f, 0x6e, 0x6f, 0x72, 0x6d, 0x5f, 0x32, 0x5f, 0x31, 0x2f, 0x6d, 0x75,
    0x6c, 0x2f, 0x52, 0x65, 0x61, 0x64, 0x56, 0x61, 0x72, 0x69, 0x61, 0x62,
    0x6c, 0x65, 0x4f, 0x70, 0x00, 0x00, 0x00, 0x00, 0x04, 0x00, 0x00, 0x00,
    0x01, 0x00, 0x00, 0x00, 0x01, 0x00, 0x00, 0x00, 0x01, 0x00, 0x00, 0x00,
    0x0c, 0x00, 0x00, 0x00, 0x32, 0xf7, 0xff, 0xff, 0x00, 0x00, 0x00, 0x01,
    0x14, 0x00, 0x00, 0x00, 0x30, 0x00, 0x00, 0x00, 0x10, 0x00, 0x00, 0x00,
    0x00, 0x00, 0x00, 0x09, 0x64, 0x00, 0x00, 0x00, 0xac, 0xf6, 0xff, 0xff,
    0x08, 0x00, 0x00, 0x00, 0x10, 0x00, 0x00, 0x00, 0x01, 0x00, 0x00, 0x00,
    0x72, 0x00, 0x00, 0x00, 0x00, 0x00, 0x00, 0x00, 0x01, 0x00, 0x00, 0x00,
    0x2d, 0x4e, 0x95, 0x3a, 0x3a, 0x00, 0x00, 0x00, 0x62, 0x63, 0x5f, 0x72,
    0x65, 0x73, 0x6e, 0x65, 0x74, 0x5f, 0x6b, 0x77, 0x73, 0x5f, 0x31, 0x2f,
    0x73, 0x75, 0x62, 0x5f, 0x73, 0x70, 0x65, 0x63, 0x74, 0x72, 0x61, 0x6c,
    0x5f, 0x6e, 0x6f, 0x72, 0x6d, 0x5f, 0x32, 0x5f, 0x31, 0x2f, 0x61, 0x64,
    0x64, 0x5f, 0x31, 0x2f, 0x52, 0x65, 0x61, 0x64, 0x56, 0x61, 0x72, 0x69,
    0x61, 0x62, 0x6c, 0x65, 0x4f, 0x70, 0x00, 0x00, 0x04, 0x00, 0x00, 0x00,
    0x01, 0x00, 0x00, 0x00, 0x01, 0x00, 0x00, 0x00, 0x01, 0x00, 0x00, 0x00,
    0x0c, 0x00, 0x00, 0x00, 0xc2, 0xf7, 0xff, 0xff, 0x00, 0x00, 0x00, 0x01,
    0x14, 0x00, 0x00, 0x00, 0xe4, 0x00, 0x00, 0x00, 0x0f, 0x00, 0x00, 0x00,
    0x00, 0x00, 0x00, 0x09, 0x04, 0x01, 0x00, 0x00, 0x3c, 0xf7, 0xff, 0xff,
    0x08, 0x00, 0x00, 0x00, 0x88, 0x00, 0x00, 0x00, 0x10, 0x00, 0x00, 0x00,
    0x00, 0x00, 0x00, 0x00, 0x00, 0x00, 0x00, 0x00, 0x00, 0x00, 0x00, 0x00,
    0x00, 0x00, 0x00, 0x00, 0x00, 0x00, 0x00, 0x00, 0x00, 0x00, 0x00, 0x00,
    0x00, 0x00, 0x00, 0x00, 0x00, 0x00, 0x00, 0x00, 0x00, 0x00, 0x00, 0x00,
    0x00, 0x00, 0x00, 0x00, 0x00, 0x00, 0x00, 0x00, 0x00, 0x00, 0x00, 0x00,
    0x00, 0x00, 0x00, 0x00, 0x00, 0x00, 0x00, 0x00, 0x00, 0x00, 0x00, 0x00,
    0x00, 0x00, 0x00, 0x00, 0x00, 0x00, 0x00, 0x00, 0x00, 0x00, 0x00, 0x00,
    0x00, 0x00, 0x00, 0x00, 0x00, 0x00, 0x00, 0x00, 0x00, 0x00, 0x00, 0x00,
    0x00, 0x00, 0x00, 0x00, 0x00, 0x00, 0x00, 0x00, 0x00, 0x00, 0x00, 0x00,
    0x00, 0x00, 0x00, 0x00, 0x00, 0x00, 0x00, 0x00, 0x00, 0x00, 0x00, 0x00,
    0x00, 0x00, 0x00, 0x00, 0x00, 0x00, 0x00, 0x00, 0x00, 0x00, 0x00, 0x00,
    0x00, 0x00, 0x00, 0x00, 0x00, 0x00, 0x00, 0x00, 0x10, 0x00, 0x00, 0x00,
    0x0c, 0x52, 0x25, 0x3c, 0xb2, 0xc5, 0xb8, 0x3b, 0xcf, 0x5e, 0x0d, 0x3c,
    0x7f, 0x26, 0xb4, 0x3b, 0x20, 0xa8, 0x16, 0x3c, 0x06, 0x59, 0x0b, 0x3c,
    0x82, 0xe4, 0xd3, 0x3b, 0x76, 0xcb, 0xdf, 0x3b, 0xb2, 0x7f, 0xb9, 0x3b,
    0x5f, 0x07, 0x15, 0x3c, 0xf8, 0xac, 0x2e, 0x3c, 0x67, 0x53, 0x28, 0x3c,
    0x74, 0x19, 0xeb, 0x3b, 0x04, 0x3b, 0xd1, 0x3b, 0x92, 0xda, 0x23, 0x3c,
    0xe3, 0x15, 0x10, 0x3c, 0x26, 0x00, 0x00, 0x00, 0x62, 0x63, 0x5f, 0x72,
    0x65, 0x73, 0x6e, 0x65, 0x74, 0x5f, 0x6b, 0x77, 0x73, 0x5f, 0x31, 0x2f,
    0x63, 0x6f, 0x6e, 0x76, 0x32, 0x64, 0x5f, 0x36, 0x5f, 0x31, 0x2f, 0x63,
    0x6f, 0x6e, 0x76, 0x6f, 0x6c, 0x75, 0x74, 0x69, 0x6f, 0x6e, 0x00, 0x00,
    0x04, 0x00, 0x00, 0x00, 0x10, 0x00, 0x00, 0x00, 0x03, 0x00, 0x00, 0x00,
    0x01, 0x00, 0x00, 0x00, 0x0c, 0x00, 0x00, 0x00, 0xf2, 0xf8, 0xff, 0xff,
    0x00, 0x00, 0x00, 0x01, 0x14, 0x00, 0x00, 0x00, 0xe4, 0x00, 0x00, 0x00,
    0x0e, 0x00, 0x00, 0x00, 0x00, 0x00, 0x00, 0x02, 0x98, 0x01, 0x00, 0x00,
    0x6c, 0xf8, 0xff, 0xff, 0x08, 0x00, 0x00, 0x00, 0x88, 0x00, 0x00, 0x00,
    0x10, 0x00, 0x00, 0x00, 0x00, 0x00, 0x00, 0x00, 0x00, 0x00, 0x00, 0x00,
    0x00, 0x00, 0x00, 0x00, 0x00, 0x00, 0x00, 0x00, 0x00, 0x00, 0x00, 0x00,
    0x00, 0x00, 0x00, 0x00, 0x00, 0x00, 0x00, 0x00, 0x00, 0x00, 0x00, 0x00,
    0x00, 0x00, 0x00, 0x00, 0x00, 0x00, 0x00, 0x00, 0x00, 0x00, 0x00, 0x00,
    0x00, 0x00, 0x00, 0x00, 0x00, 0x00, 0x00, 0x00, 0x00, 0x00, 0x00, 0x00,
    0x00, 0x00, 0x00, 0x00, 0x00, 0x00, 0x00, 0x00, 0x00, 0x00, 0x00, 0x00,
    0x00, 0x00, 0x00, 0x00, 0x00, 0x00, 0x00, 0x00, 0x00, 0x00, 0x00, 0x00,
    0x00, 0x00, 0x00, 0x00, 0x00, 0x00, 0x00, 0x00, 0x00, 0x00, 0x00, 0x00,
    0x00, 0x00, 0x00, 0x00, 0x00, 0x00, 0x00, 0x00, 0x00, 0x00, 0x00, 0x00,
    0x00, 0x00, 0x00, 0x00, 0x00, 0x00, 0x00, 0x00, 0x00, 0x00, 0x00, 0x00,
    0x00, 0x00, 0x00, 0x00, 0x00, 0x00, 0x00, 0x00, 0x00, 0x00, 0x00, 0x00,
    0x10, 0x00, 0x00, 0x00, 0xe0, 0x25, 0x05, 0x3a, 0x73, 0xd0, 0x94, 0x39,
    0xa3, 0xb7, 0xe3, 0x39, 0x82, 0x17, 0x91, 0x39, 0xfc, 0xac, 0xf2, 0x39,
    0x99, 0x75, 0xe0, 0x39, 0x24, 0xa8, 0xaa, 0x39, 0x22, 0x3e, 0xb4, 0x39,
    0x40, 0x66, 0x95, 0x39, 0xaf, 0x0d, 0xf0, 0x39, 0xba, 0xae, 0x0c, 0x3a,
    0x82, 0x91, 0x07, 0x3a, 0xef, 0x58, 0xbd, 0x39, 0x45, 0x83, 0xa8, 0x39,
    0x78, 0xf7, 0x03, 0x3a, 0x42, 0x17, 0xe8, 0x39, 0xb8, 0x00, 0x00, 0x00,
    0x62, 0x63, 0x5f, 0x72, 0x65, 0x73, 0x6e, 0x65, 0x74, 0x5f, 0x6b, 0x77,
    0x73, 0x5f, 0x31, 0x2f, 0x61, 0x63, 0x74, 0x69, 0x76, 0x61, 0x74, 0x69,
    0x6f, 0x6e, 0x5f, 0x38, 0x5f, 0x31, 0x2f, 0x52, 0x65, 0x6c, 0x75, 0x3b,
    0x62, 0x63, 0x5f, 0x72, 0x65, 0x73, 0x6e, 0x65, 0x74, 0x5f, 0x6b, 0x77,
    0x73, 0x5f, 0x31, 0x2f, 0x62, 0x61, 0x74, 0x63, 0x68, 0x5f, 0x6e, 0x6f,
    0x72, 0x6d, 0x61, 0x6c, 0x69, 0x7a, 0x61, 0x74, 0x69, 0x6f, 0x6e, 0x5f,
    0x33, 0x5f, 0x31, 0x2f, 0x62, 0x61, 0x74, 0x63, 0x68, 0x6e, 0x6f, 0x72,
    0x6d, 0x2f, 0x61, 0x64, 0x64, 0x5f, 0x31, 0x3b, 0x62, 0x63, 0x5f, 0x72,
    0x65, 0x73, 0x6e, 0x65, 0x74, 0x5f, 0x6b, 0x77, 0x73, 0x5f, 0x31, 0x2f,
    0x63, 0x6f, 0x6e, 0x76, 0x32, 0x64, 0x5f, 0x36, 0x5f, 0x31, 0x2f, 0x63,
    0x6f, 0x6e, 0x76, 0x6f, 0x6c, 0x75, 0x74, 0x69, 0x6f, 0x6e, 0x3b, 0x62,
    0x63, 0x5f, 0x72, 0x65, 0x73, 0x6e, 0x65, 0x74, 0x5f, 0x6b, 0x77, 0x73,
    0x5f, 0x31, 0x2f, 0x62, 0x61, 0x74, 0x63, 0x68, 0x5f, 0x6e, 0x6f, 0x72,
    0x6d, 0x61, 0x6c, 0x69, 0x7a, 0x61, 0x74, 0x69, 0x6f, 0x6e, 0x5f, 0x33,
    0x5f, 0x31, 0x2f, 0x62, 0x61, 0x74, 0x63, 0x68, 0x6e, 0x6f, 0x72, 0x6d,
    0x2f, 0x73, 0x75, 0x62, 0x00, 0x00, 0x00, 0x00, 0x01, 0x00, 0x00, 0x00,
    0x10, 0x00, 0x00, 0x00, 0xaa, 0xfa, 0xff, 0xff, 0x00, 0x00, 0x00, 0x01,
    0x14, 0x00, 0x00, 0x00, 0xe4, 0x00, 0x00, 0x00, 0x0d, 0x00, 0x00, 0x00,
    0x00, 0x00, 0x00, 0x09, 0x04, 0x01, 0x00, 0x00, 0x24, 0xfa, 0xff, 0xff,
    0x08, 0x00, 0x00, 0x00, 0x88, 0x00, 0x00, 0x00, 0x10, 0x00, 0x00, 0x00,
    0x00, 0x00, 0x00, 0x00, 0x00, 0x00, 0x00, 0x00, 0x00, 0x00, 0x00, 0x00,
    0x00, 0x00, 0x00, 0x00, 0x00, 0x00, 0x00, 0x00, 0x00, 0x00, 0x00, 0x00,
    0x00, 0x00, 0x00, 0x00, 0x00, 0x00, 0x00, 0x00, 0x00, 0x00, 0x00, 0x00,
    0x00, 0x00, 0x00, 0x00, 0x00, 0x00, 0x00, 0x00, 0x00, 0x00, 0x00, 0x00,
    0x00, 0x00, 0x00, 0x00, 0x00, 0x00, 0x00, 0x00, 0x00, 0x00, 0x00, 0x00,
    0x00, 0x00, 0x00, 0x00, 0x00, 0x00, 0x00, 0x00, 0x00, 0x00, 0x00, 0x00,
    0x00, 0x00, 0x00, 0x00, 0x00, 0x00, 0x00, 0x00, 0x00, 0x00, 0x00, 0x00,
    0x00, 0x00, 0x00, 0x00, 0x00, 0x00, 0x00, 0x00, 0x00, 0x00, 0x00, 0x00,
    0x00, 0x00, 0x00, 0x00, 0x00, 0x00, 0x00, 0x00, 0x00, 0x00, 0x00, 0x00,
    0x00, 0x00, 0x00, 0x00, 0x00, 0x00, 0x00, 0x00, 0x00, 0x00, 0x00, 0x00,
    0x00, 0x00, 0x00, 0x00, 0x00, 0x00, 0x00, 0x00, 0x10, 0x00, 0x00, 0x00,
    0x58, 0x11, 0x92, 0x3b, 0x94, 0xb7, 0x95, 0x3b, 0xba, 0x1b, 0x80, 0x3b,
    0xb4, 0xaa, 0x81, 0x3b, 0xd5, 0x7c, 0xa0, 0x3b, 0x30, 0x7f, 0x8e, 0x3b,
    0x86, 0xe7, 0xae, 0x3b, 0x13, 0xbe, 0xa4, 0x3b, 0x9c, 0x0a, 0x8e, 0x3b,
    0x90, 0x9c, 0x8c, 0x3b, 0x7a, 0x44, 0x71, 0x3b, 0x13, 0x45, 0xb3, 0x3b,
    0x88, 0xc9, 0x64, 0x3b, 0x16, 0x6f, 0x7a, 0x3b, 0x04, 0xf4, 0xcc, 0x3b,
    0xbd, 0x01, 0x9d, 0x3b, 0x26, 0x00, 0x00, 0x00, 0x62, 0x63, 0x5f, 0x72,
    0x65, 0x73, 0x6e, 0x65, 0x74, 0x5f, 0x6b, 0x77, 0x73, 0x5f, 0x31, 0x2f,
    0x63, 0x6f, 0x6e, 0x76, 0x32, 0x64, 0x5f, 0x37, 0x5f, 0x31, 0x2f, 0x63,
    0x6f, 0x6e, 0x76, 0x6f, 0x6c, 0x75, 0x74, 0x69, 0x6f, 0x6e, 0x00, 0x00,
    0x04, 0x00, 0x00, 0x00, 0x10, 0x00, 0x00, 0x00, 0x01, 0x00, 0x00, 0x00,
    0x01, 0x00, 0x00, 0x00, 0x10, 0x00, 0x00, 0x00, 0xda, 0xfb, 0xff, 0xff,
    0x00, 0x00, 0x00, 0x01, 0x14, 0x00, 0x00, 0x00, 0xe8, 0x00, 0x00, 0x00,
    0x0c, 0x00, 0x00, 0x00, 0x00, 0x00, 0x00, 0x02, 0x50, 0x01, 0x00, 0x00,
    0x54, 0xfb, 0xff, 0xff, 0x08, 0x00, 0x00, 0x00, 0x8c, 0x00, 0x00, 0x00,
    0x10, 0x00, 0x00, 0x00, 0x00, 0x00, 0x00, 0x00, 0x00, 0x00, 0x00, 0x00,
    0x00, 0x00, 0x00, 0x00, 0x00, 0x00, 0x00, 0x00, 0x00, 0x00, 0x00, 0x00,
    0x00, 0x00, 0x00, 0x00, 0x00, 0x00, 0x00, 0x00, 0x00, 0x00, 0x00, 0x00,
    0x00, 0x00, 0x00, 0x00, 0x00, 0x00, 0x00, 0x00, 0x00, 0x00, 0x00, 0x00,
    0x00, 0x00, 0x00, 0x00, 0x00, 0x00, 0x00, 0x00, 0x00, 0x00, 0x00, 0x00,
    0x00, 0x00, 0x00, 0x00, 0x00, 0x00, 0x00, 0x00, 0x00, 0x00, 0x00, 0x00,
    0x00, 0x00, 0x00, 0x00, 0x00, 0x00, 0x00, 0x00, 0x00, 0x00, 0x00, 0x00,
    0x00, 0x00, 0x00, 0x00, 0x00, 0x00, 0x00, 0x00, 0x00, 0x00, 0x00, 0x00,
    0x00, 0x00, 0x00, 0x00, 0x00, 0x00, 0x00, 0x00, 0x00, 0x00, 0x00, 0x00,
    0x00, 0x00, 0x00, 0x00, 0x00, 0x00, 0x00, 0x00, 0x00, 0x00, 0x00, 0x00,
    0x00, 0x00, 0x00, 0x00, 0x00, 0x00, 0x00, 0x00, 0x00, 0x00, 0x00, 0x00,
    0x00, 0x00, 0x00, 0x00, 0x10, 0x00, 0x00, 0x00, 0xd0, 0xe9, 0x16, 0x39,
    0x0a, 0xaf, 0x1a, 0x39, 0xad, 0x5b, 0x04, 0x39, 0xe4, 0xf7, 0x05, 0x39,
    0xc3, 0xcf, 0x25, 0x39, 0x55, 0x39, 0x13, 0x39, 0xe3, 0xb4, 0x34, 0x39,
    0x23, 0x35, 0x2a, 0x39, 0xe3, 0xc0, 0x12, 0x39, 0xb2, 0x46, 0x11, 0x39,
    0x6d, 0x45, 0xf9, 0x38, 0x83, 0x37, 0x39, 0x39, 0x7e, 0x60, 0xec, 0x38,
    0xf1, 0x5e, 0x01, 0x39, 0x91, 0xc0, 0x53, 0x39, 0x1c, 0x37, 0x22, 0x39,
    0x6c, 0x00, 0x00, 0x00, 0x62, 0x63, 0x5f, 0x72, 0x65, 0x73, 0x6e, 0x65,
    0x74, 0x5f, 0x6b, 0x77, 0x73, 0x5f, 0x31, 0x2f, 0x63, 0x6f, 0x6e, 0x76,
    0x32, 0x64, 0x5f, 0x37, 0x5f, 0x31, 0x2f, 0x42, 0x69, 0x61, 0x73, 0x41,
    0x64, 0x64, 0x3b, 0x62, 0x63, 0x5f, 0x72, 0x65, 0x73, 0x6e, 0x65, 0x74,
    0x5f, 0x6b, 0x77, 0x73, 0x5f, 0x31, 0x2f, 0x63, 0x6f, 0x6e, 0x76, 0x32,
    0x64, 0x5f, 0x37, 0x5f, 0x31, 0x2f, 0x63, 0x6f, 0x6e, 0x76, 0x6f, 0x6c,
    0x75, 0x74, 0x69, 0x6f, 0x6e, 0x3b, 0x62, 0x63, 0x5f, 0x72, 0x65, 0x73,
    0x6e, 0x65, 0x74, 0x5f, 0x6b, 0x77, 0x73, 0x5f, 0x31, 0x2f, 0x63, 0x6f,
    0x6e, 0x76, 0x32, 0x64, 0x5f, 0x37, 0x5f, 0x31, 0x2f, 0x53, 0x71, 0x75,
    0x65, 0x65, 0x7a, 0x65, 0x00, 0x00, 0x00, 0x00, 0x01, 0x00, 0x00, 0x00,
    0x10, 0x00, 0x00, 0x00, 0x4a, 0xfd, 0xff, 0xff, 0x00, 0x00, 0x00, 0x01,
    0x14, 0x00, 0x00, 0x00, 0x30, 0x00, 0x00, 0x00, 0x0b, 0x00, 0x00, 0x00,
    0x00, 0x00, 0x00, 0x09, 0x54, 0x00, 0x00, 0x00, 0xc4, 0xfc, 0xff, 0xff,
    0x08, 0x00, 0x00, 0x00, 0x10, 0x00, 0x00, 0x00, 0x01, 0x00, 0x00, 0x00,
    0x00, 0x00, 0x00, 0x00, 0x00, 0x00, 0x00, 0x00, 0x01, 0x00, 0x00, 0x00,
    0x62, 0xad, 0xc7, 0x3b, 0x2b, 0x00, 0x00, 0x00, 0x62, 0x63, 0x5f, 0x72,
    0x65, 0x73, 0x6e, 0x65, 0x74, 0x5f, 0x6b, 0x77, 0x73, 0x5f, 0x31, 0x2f,
    0x6b, 0x65, 0x79, 0x77, 0x6f, 0x72, 0x64, 0x5f, 0x63, 0x6f, 0x6e, 0x66,
    0x69, 0x64, 0x65, 0x6e, 0x63, 0x65, 0x5f, 0x31, 0x2f, 0x4d, 0x61, 0x74,
    0x4d, 0x75, 0x6c, 0x00, 0x02, 0x00, 0x00, 0x00, 0x01, 0x00, 0x00, 0x00,
    0x10, 0x00, 0x00, 0x00, 0xc2, 0xfd, 0xff, 0xff, 0x00, 0x00, 0x00, 0x01,
    0x14, 0x00, 0x00, 0x00, 0x30, 0x00, 0x00, 0x00, 0x0a, 0x00, 0x00, 0x00,
    0x00, 0x00, 0x00, 0x02, 0x54, 0x00, 0x00, 0x00, 0x3c, 0xfd, 0xff, 0xff,
    0x08, 0x00, 0x00, 0x00, 0x10, 0x00, 0x00, 0x00, 0x01, 0x00, 0x00, 0x00,
    0x00, 0x00, 0x00, 0x00, 0x00, 0x00, 0x00, 0x00, 0x01, 0x00, 0x00, 0x00,
    0x16, 0xad, 0xa2, 0x38, 0x28, 0x00, 0x00, 0x00, 0x62, 0x63, 0x5f, 0x72,
    0x65, 0x73, 0x6e, 0x65, 0x74, 0x5f, 0x6b, 0x77, 0x73, 0x5f, 0x31, 0x2f,
    0x6b, 0x65, 0x79, 0x77, 0x6f, 0x72, 0x64, 0x5f, 0x63, 0x6f, 0x6e, 0x66,
    0x69, 0x64, 0x65, 0x6e, 0x63, 0x65, 0x5f, 0x31, 0x2f, 0x41, 0x64, 0x64,
    0x00, 0x00, 0x00, 0x00, 0x01, 0x00, 0x00, 0x00, 0x01, 0x00, 0x00, 0x00,
    0x36, 0xfe, 0xff, 0xff, 0x00, 0x00, 0x00, 0x01, 0x14, 0x00, 0x00, 0x00,
    0x14, 0x00, 0x00, 0x00, 0x09, 0x00, 0x00, 0x00, 0x00, 0x00, 0x00, 0x02,
    0x50, 0x00, 0x00, 0x00, 0x20, 0xfe, 0xff, 0xff, 0x41, 0x00, 0x00, 0x00,
    0x62, 0x63, 0x5f, 0x72, 0x65, 0x73, 0x6e, 0x65, 0x74, 0x5f, 0x6b, 0x77,
    0x73, 0x5f, 0x31, 0x2f, 0x67, 0x6c, 0x6f, 0x62, 0x61, 0x6c, 0x5f, 0x61,
    0x76, 0x65, 0x72, 0x61, 0x67, 0x65, 0x5f, 0x70, 0x6f, 0x6f, 0x6c, 0x69,
    0x6e, 0x67, 0x32, 0x64, 0x5f, 0x31, 0x2f, 0x4d, 0x65, 0x61, 0x6e, 0x2f,
    0x72, 0x65, 0x64, 0x75, 0x63, 0x74, 0x69, 0x6f, 0x6e, 0x5f, 0x69, 0x6e,
    0x64, 0x69, 0x63, 0x65, 0x73, 0x00, 0x00, 0x00, 0x01, 0x00, 0x00, 0x00,
    0x02, 0x00, 0x00, 0x00, 0xa6, 0xfe, 0xff, 0xff, 0x00, 0x00, 0x00, 0x01,
    0x14, 0x00, 0x00, 0x00, 0x14, 0x00, 0x00, 0x00, 0x08, 0x00, 0x00, 0x00,
    0x00, 0x00, 0x00, 0x02, 0x1c, 0x00, 0x00, 0x00, 0x90, 0xfe, 0xff, 0xff,
    0x0f, 0x00, 0x00, 0x00, 0x61, 0x72, 0x69, 0x74, 0x68, 0x2e, 0x63, 0x6f,
    0x6e, 0x73, 0x74, 0x61, 0x6e, 0x74, 0x38, 0x00, 0x00, 0x00, 0x00, 0x00,
    0xde, 0xfe, 0xff, 0xff, 0x00, 0x00, 0x00, 0x01, 0x14, 0x00, 0x00, 0x00,
    0x14, 0x00, 0x00, 0x00, 0x07, 0x00, 0x00, 0x00, 0x00, 0x00, 0x00, 0x02,
    0x1c, 0x00, 0x00, 0x00, 0xc8, 0xfe, 0xff, 0xff, 0x0f, 0x00, 0x00, 0x00,
    0x61, 0x72, 0x69, 0x74, 0x68, 0x2e, 0x63, 0x6f, 0x6e, 0x73, 0x74, 0x61,
    0x6e, 0x74, 0x31, 0x00, 0x01, 0x00, 0x00, 0x00, 0x02, 0x00, 0x00, 0x00,
    0x1a, 0xff, 0xff, 0xff, 0x00, 0x00, 0x00, 0x01, 0x14, 0x00, 0x00, 0x00,
    0x14, 0x00, 0x00, 0x00, 0x06, 0x00, 0x00, 0x00, 0x00, 0x00, 0x00, 0x02,
    0x1c, 0x00, 0x00, 0x00, 0x04, 0xff, 0xff, 0xff, 0x0f, 0x00, 0x00, 0x00,
    0x61, 0x72, 0x69, 0x74, 0x68, 0x2e, 0x63, 0x6f, 0x6e, 0x73, 0x74, 0x61,
    0x6e, 0x74, 0x34, 0x00, 0x00, 0x00, 0x00, 0x00, 0x52, 0xff, 0xff, 0xff,
    0x00, 0x00, 0x00, 0x01, 0x14, 0x00, 0x00, 0x00, 0x14, 0x00, 0x00, 0x00,
    0x05, 0x00, 0x00, 0x00, 0x00, 0x00, 0x00, 0x02, 0x1c, 0x00, 0x00, 0x00,
    0x3c, 0xff, 0xff, 0xff, 0x0f, 0x00, 0x00, 0x00, 0x61, 0x72, 0x69, 0x74,
    0x68, 0x2e, 0x63, 0x6f, 0x6e, 0x73, 0x74, 0x61, 0x6e, 0x74, 0x33, 0x00,
    0x00, 0x00, 0x00, 0x00, 0x8a, 0xff, 0xff, 0xff, 0x00, 0x00, 0x00, 0x01,
    0x14, 0x00, 0x00, 0x00, 0x14, 0x00, 0x00, 0x00, 0x04, 0x00, 0x00, 0x00,
    0x00, 0x00, 0x00, 0x02, 0x1c, 0x00, 0x00, 0x00, 0x74, 0xff, 0xff, 0xff,
    0x0f, 0x00, 0x00, 0x00, 0x61, 0x72, 0x69, 0x74, 0x68, 0x2e, 0x63, 0x6f,
    0x6e, 0x73, 0x74, 0x61, 0x6e, 0x74, 0x32, 0x00, 0x00, 0x00, 0x00, 0x00,
    0xc2, 0xff, 0xff, 0xff, 0x00, 0x00, 0x00, 0x01, 0x14, 0x00, 0x00, 0x00,
    0x14, 0x00, 0x00, 0x00, 0x03, 0x00, 0x00, 0x00, 0x00, 0x00, 0x00, 0x02,
    0x1c, 0x00, 0x00, 0x00, 0xac, 0xff, 0xff, 0xff, 0x0f, 0x00, 0x00, 0x00,
    0x61, 0x72, 0x69, 0x74, 0x68, 0x2e, 0x63, 0x6f, 0x6e, 0x73, 0x74, 0x61,
    0x6e, 0x74, 0x37, 0x00, 0x01, 0x00, 0x00, 0x00, 0x01, 0x00, 0x00, 0x00,
    0x00, 0x00, 0x16, 0x00, 0x1c, 0x00, 0x18, 0x00, 0x17, 0x00, 0x10, 0x00,
    0x0c, 0x00, 0x08, 0x00, 0x00, 0x00, 0x00, 0x00, 0x00, 0x00, 0x07, 0x00,
    0x16, 0x00, 0x00, 0x00, 0x00, 0x00, 0x00, 0x01, 0x18, 0x00, 0x00, 0x00,
    0x18, 0x00, 0x00, 0x00, 0x02, 0x00, 0x00, 0x00, 0x00, 0x00, 0x00, 0x02,
    0x20, 0x00, 0x00, 0x00, 0x04, 0x00, 0x04, 0x00, 0x04, 0x00, 0x00, 0x00,
    0x0f, 0x00, 0x00, 0x00, 0x61, 0x72, 0x69, 0x74, 0x68, 0x2e, 0x63, 0x6f,
    0x6e, 0x73, 0x74, 0x61, 0x6e, 0x74, 0x36, 0x00, 0x01, 0x00, 0x00, 0x00,
    0x01, 0x00, 0x00, 0x00, 0x00, 0x00, 0x16, 0x00, 0x20, 0x00, 0x1c, 0x00,
    0x1b, 0x00, 0x14, 0x00, 0x10, 0x00, 0x0c, 0x00, 0x00, 0x00, 0x00, 0x00,
    0x08, 0x00, 0x07, 0x00, 0x16, 0x00, 0x00, 0x00, 0x00, 0x00, 0x00, 0x01,
    0x18, 0x00, 0x00, 0x00, 0x34, 0x00, 0x00, 0x00, 0x54, 0x00, 0x00, 0x00,
    0x01, 0x00, 0x00, 0x00, 0x00, 0x00, 0x00, 0x09, 0x6c, 0x00, 0x00, 0x00,
    0x04, 0x00, 0x00, 0x00, 0xff, 0xff, 0xff, 0xff, 0x64, 0x00, 0x00, 0x00,
    0x28, 0x00, 0x00, 0x00, 0x01, 0x00, 0x00, 0x00, 0x0c, 0x00, 0x0c, 0x00,
    0x00, 0x00, 0x00, 0x00, 0x08, 0x00, 0x04, 0x00, 0x0c, 0x00, 0x00, 0x00,
    0x08, 0x00, 0x00, 0x00, 0x14, 0x00, 0x00, 0x00, 0x01, 0x00, 0x00, 0x00,
    0x80, 0xff, 0xff, 0xff, 0xff, 0xff, 0xff, 0xff, 0x00, 0x00, 0x00, 0x00,
    0x01, 0x00, 0x00, 0x00, 0xdc, 0x2e, 0xa9, 0x3c, 0x1d, 0x00, 0x00, 0x00,
    0x73, 0x65, 0x72, 0x76, 0x69, 0x6e, 0x67, 0x5f, 0x64, 0x65, 0x66, 0x61,
    0x75, 0x6c, 0x74, 0x5f, 0x70, 0x63, 0x65, 0x6e, 0x5f, 0x6d, 0x61, 0x74,
    0x72, 0x69, 0x78, 0x3a, 0x30, 0x00, 0x00, 0x00, 0x04, 0x00, 0x00, 0x00,
    0x01, 0x00, 0x00, 0x00, 0x64, 0x00, 0x00, 0x00, 0x28, 0x00, 0x00, 0x00,
    0x01, 0x00, 0x00, 0x00, 0x11, 0x00, 0x00, 0x00, 0x50, 0x01, 0x00, 0x00,
    0x30, 0x01, 0x00, 0x00, 0x20, 0x01, 0x00, 0x00, 0x04, 0x01, 0x00, 0x00,
    0xf4, 0x00, 0x00, 0x00, 0xe4, 0x00, 0x00, 0x00, 0xd0, 0x00, 0x00, 0x00,
    0xbc, 0x00, 0x00, 0x00, 0xa8, 0x00, 0x00, 0x00, 0x98, 0x00, 0x00, 0x00,
    0x88, 0x00, 0x00, 0x00, 0x7c, 0x00, 0x00, 0x00, 0x60, 0x00, 0x00, 0x00,
    0x40, 0x00, 0x00, 0x00, 0x2c, 0x00, 0x00, 0x00, 0x18, 0x00, 0x00, 0x00,
    0x04, 0x00, 0x00, 0x00, 0x00, 0xff, 0xff, 0xff, 0x0e, 0x00, 0x00, 0x00,
    0x02, 0x00, 0x00, 0x00, 0x00, 0x00, 0x00, 0x0e, 0x10, 0xff, 0xff, 0xff,
    0x09, 0x00, 0x00, 0x00, 0x04, 0x00, 0x00, 0x00, 0x00, 0x00, 0x00, 0x09,
    0x20, 0xff, 0xff, 0xff, 0x01, 0x00, 0x00, 0x00, 0x02, 0x00, 0x00, 0x00,
    0x00, 0x00, 0x00, 0x01, 0x30, 0xff, 0xff, 0xff, 0x12, 0x00, 0x00, 0x00,
    0x02, 0x00, 0x00, 0x00, 0x00, 0x00, 0x00, 0x12, 0x0c, 0x00, 0x0e, 0x00,
    0x0d, 0x00, 0x00, 0x00, 0x08, 0x00, 0x04, 0x00, 0x0c, 0x00, 0x00, 0x00,
    0x4c, 0x00, 0x00, 0x00, 0x02, 0x00, 0x00, 0x00, 0x00, 0x4c, 0x0a, 0x00,
    0x08, 0x00, 0x00, 0x00, 0x00, 0x00, 0x04, 0x00, 0x0a, 0x00, 0x00, 0x00,
    0x02, 0x00, 0x00, 0x00, 0x94, 0xff, 0xff, 0xff, 0x72, 0x00, 0x00, 0x00,
    0x00, 0x00, 0x00, 0x72, 0xa0, 0xff, 0xff, 0xff, 0x5c, 0x00, 0x00, 0x00,
    0x00, 0x00, 0x00, 0x5c, 0x84, 0xff, 0xff, 0xff, 0x06, 0x00, 0x00, 0x00,
    0x02, 0x00, 0x00, 0x00, 0x00, 0x00, 0x00, 0x06, 0x94, 0xff, 0xff, 0xff,
    0x29, 0x00, 0x00, 0x00, 0x03, 0x00, 0x00, 0x00, 0x00, 0x00, 0x00, 0x29,
    0xa4, 0xff, 0xff, 0xff, 0x28, 0x00, 0x00, 0x00, 0x02, 0x00, 0x00, 0x00,
    0x00, 0x00, 0x00, 0x28, 0xdc, 0xff, 0xff, 0xff, 0x16, 0x00, 0x00, 0x00,
    0x00, 0x00, 0x00, 0x16, 0xe8, 0xff, 0xff, 0xff, 0x53, 0x00, 0x00, 0x00,
    0x00, 0x00, 0x00, 0x53, 0xf4, 0xff, 0xff, 0xff, 0x2d, 0x00, 0x00, 0x00,
    0x00, 0x00, 0x00, 0x2d, 0x0c, 0x00, 0x0c, 0x00, 0x0b, 0x00, 0x00, 0x00,
    0x00, 0x00, 0x04, 0x00, 0x0c, 0x00, 0x00, 0x00, 0x4d, 0x00, 0x00, 0x00,
    0x00, 0x00, 0x00, 0x4d, 0xf0, 0xff, 0xff, 0xff, 0x04, 0x00, 0x00, 0x00,
    0x03, 0x00, 0x00, 0x00, 0x00, 0x00, 0x00, 0x04, 0x0c, 0x00, 0x10, 0x00,
    0x0f, 0x00, 0x00, 0x00, 0x08, 0x00, 0x04, 0x00, 0x0c, 0x00, 0x00, 0x00,
    0x03, 0x00, 0x00, 0x00, 0x03, 0x00, 0x00, 0x00, 0x00, 0x00, 0x00, 0x03,
};

const unsigned int g_model_len = 29496;
